INE_ID,Concelho,Inscritos,Votantes,Brancos,Nulos,Votos,Sigla,Mandatos,Abstention (%),year
101,ÁGUEDA,41809.0,25435.0,619.0,372.0,1432,CDS-PP,0,39.1638164032,2005
101,ÁGUEDA,41809.0,25435.0,619.0,372.0,11373,PS,4,39.1638164032,2005
101,ÁGUEDA,41809.0,25435.0,619.0,372.0,835,PCP-PEV,0,39.1638164032,2005
101,ÁGUEDA,41809.0,25435.0,619.0,372.0,551,B.E.,0,39.1638164032,2005
101,ÁGUEDA,41809.0,25435.0,619.0,372.0,10253,PPD/PSD,3,39.1638164032,2005
102,ALBERGARIA-A-VELHA,20162.0,13197.0,199.0,149.0,7633,PPD/PSD,4,34.5451840095,2005
102,ALBERGARIA-A-VELHA,20162.0,13197.0,199.0,149.0,1600,PS,1,34.5451840095,2005
102,ALBERGARIA-A-VELHA,20162.0,13197.0,199.0,149.0,283,PCP-PEV,0,34.5451840095,2005
102,ALBERGARIA-A-VELHA,20162.0,13197.0,199.0,149.0,3087,CDS-PP,2,34.5451840095,2005
102,ALBERGARIA-A-VELHA,20162.0,13197.0,199.0,149.0,246,B.E.,0,34.5451840095,2005
103,ANADIA,27043.0,16086.0,571.0,250.0,712,CDS-PP,0,40.5169544799,2005
103,ANADIA,27043.0,16086.0,571.0,250.0,641,PCP-PEV,0,40.5169544799,2005
103,ANADIA,27043.0,16086.0,571.0,250.0,9867,PPD/PSD,5,40.5169544799,2005
103,ANADIA,27043.0,16086.0,571.0,250.0,4045,PS,2,40.5169544799,2005
104,AROUCA,20571.0,15000.0,232.0,194.0,3426,VII,2,27.0818142045,2005
104,AROUCA,20571.0,15000.0,232.0,194.0,5283,PS,3,27.0818142045,2005
104,AROUCA,20571.0,15000.0,232.0,194.0,4916,PPD/PSD.CDS-PP.PPM,2,27.0818142045,2005
104,AROUCA,20571.0,15000.0,232.0,194.0,949,PCP-PEV,0,27.0818142045,2005
105,AVEIRO,61770.0,34490.0,823.0,441.0,13782,PS,4,44.1638335762,2005
105,AVEIRO,61770.0,34490.0,823.0,441.0,16667,PPD/PSD.CDS-PP,5,44.1638335762,2005
105,AVEIRO,61770.0,34490.0,823.0,441.0,1544,PCP-PEV,0,44.1638335762,2005
105,AVEIRO,61770.0,34490.0,823.0,441.0,1233,B.E.,0,44.1638335762,2005
106,CASTELO DE PAIVA,14306.0,11198.0,113.0,98.0,198,B.E.,0,21.7251502866,2005
106,CASTELO DE PAIVA,14306.0,11198.0,113.0,98.0,151,PCP-PEV,0,21.7251502866,2005
106,CASTELO DE PAIVA,14306.0,11198.0,113.0,98.0,62,CDS-PP,0,21.7251502866,2005
106,CASTELO DE PAIVA,14306.0,11198.0,113.0,98.0,5318,PPD/PSD,4,21.7251502866,2005
106,CASTELO DE PAIVA,14306.0,11198.0,113.0,98.0,5258,PS,3,21.7251502866,2005
107,ESPINHO,30281.0,20419.0,571.0,292.0,9194,PS,4,32.5682771375,2005
107,ESPINHO,30281.0,20419.0,571.0,292.0,512,XIX,0,32.5682771375,2005
107,ESPINHO,30281.0,20419.0,571.0,292.0,7804,PPD/PSD.CDS-PP,3,32.5682771375,2005
107,ESPINHO,30281.0,20419.0,571.0,292.0,1452,PCP-PEV,0,32.5682771375,2005
107,ESPINHO,30281.0,20419.0,571.0,292.0,594,B.E.,0,32.5682771375,2005
108,ESTARREJA,22940.0,13393.0,276.0,205.0,624,PCP-PEV,0,41.6172624237,2005
108,ESTARREJA,22940.0,13393.0,276.0,205.0,8722,PPD/PSD.CDS-PP,5,41.6172624237,2005
108,ESTARREJA,22940.0,13393.0,276.0,205.0,3566,PS,2,41.6172624237,2005
109,SANTA MARIA DA FEIRA,111493.0,74651.0,1582.0,966.0,1490,B.E.,0,33.0442269918,2005
109,SANTA MARIA DA FEIRA,111493.0,74651.0,1582.0,966.0,1949,PCP-PEV,0,33.0442269918,2005
109,SANTA MARIA DA FEIRA,111493.0,74651.0,1582.0,966.0,36774,PPD/PSD,6,33.0442269918,2005
109,SANTA MARIA DA FEIRA,111493.0,74651.0,1582.0,966.0,2308,CDS-PP,0,33.0442269918,2005
109,SANTA MARIA DA FEIRA,111493.0,74651.0,1582.0,966.0,29582,PS,5,33.0442269918,2005
110,ÍLHAVO,29563.0,15689.0,329.0,198.0,638,CDS-PP,0,46.9302844772,2005
110,ÍLHAVO,29563.0,15689.0,329.0,198.0,745,PCP-PEV,0,46.9302844772,2005
110,ÍLHAVO,29563.0,15689.0,329.0,198.0,9612,PPD/PSD,5,46.9302844772,2005
110,ÍLHAVO,29563.0,15689.0,329.0,198.0,4167,PS,2,46.9302844772,2005
111,MEALHADA,17462.0,9956.0,211.0,181.0,4988,PS,4,42.9847669225,2005
111,MEALHADA,17462.0,9956.0,211.0,181.0,3632,PPD/PSD,3,42.9847669225,2005
111,MEALHADA,17462.0,9956.0,211.0,181.0,821,PCP-PEV,0,42.9847669225,2005
111,MEALHADA,17462.0,9956.0,211.0,181.0,123,CDS-PP,0,42.9847669225,2005
112,MURTOSA,8408.0,5041.0,108.0,112.0,1497,PS,1,40.0451950523,2005
112,MURTOSA,8408.0,5041.0,108.0,112.0,41,CDS-PP,0,40.0451950523,2005
112,MURTOSA,8408.0,5041.0,108.0,112.0,91,PCP-PEV,0,40.0451950523,2005
112,MURTOSA,8408.0,5041.0,108.0,112.0,3192,PPD/PSD,4,40.0451950523,2005
113,OLIVEIRA DE AZEMÉIS,57174.0,36597.0,888.0,471.0,1270,PCP-PEV,0,35.9901353762,2005
113,OLIVEIRA DE AZEMÉIS,57174.0,36597.0,888.0,471.0,2281,CDS-PP,0,35.9901353762,2005
113,OLIVEIRA DE AZEMÉIS,57174.0,36597.0,888.0,471.0,427,PND,0,35.9901353762,2005
113,OLIVEIRA DE AZEMÉIS,57174.0,36597.0,888.0,471.0,18413,PPD/PSD,5,35.9901353762,2005
113,OLIVEIRA DE AZEMÉIS,57174.0,36597.0,888.0,471.0,12847,PS,4,35.9901353762,2005
114,OLIVEIRA DO BAIRRO,17877.0,11592.0,235.0,208.0,4779,CDS-PP,3,35.1569055211,2005
114,OLIVEIRA DO BAIRRO,17877.0,11592.0,235.0,208.0,5127,PPD/PSD,4,35.1569055211,2005
114,OLIVEIRA DO BAIRRO,17877.0,11592.0,235.0,208.0,1049,PS,0,35.1569055211,2005
114,OLIVEIRA DO BAIRRO,17877.0,11592.0,235.0,208.0,194,PCP-PEV,0,35.1569055211,2005
115,OVAR,44089.0,26166.0,919.0,353.0,1490,PCP-PEV,0,40.6518632766,2005
115,OVAR,44089.0,26166.0,919.0,353.0,9175,PPD/PSD,3,40.6518632766,2005
115,OVAR,44089.0,26166.0,919.0,353.0,10815,PS,4,40.6518632766,2005
115,OVAR,44089.0,26166.0,919.0,353.0,1166,B.E.,0,40.6518632766,2005
115,OVAR,44089.0,26166.0,919.0,353.0,571,CDS-PP,0,40.6518632766,2005
115,OVAR,44089.0,26166.0,919.0,353.0,1677,I,0,40.6518632766,2005
116,SÃO JOÃO DA MADEIRA,18706.0,11320.0,155.0,102.0,1463,CDS-PP,1,39.4846573292,2005
116,SÃO JOÃO DA MADEIRA,18706.0,11320.0,155.0,102.0,297,B.E.,0,39.4846573292,2005
116,SÃO JOÃO DA MADEIRA,18706.0,11320.0,155.0,102.0,2270,PS,1,39.4846573292,2005
116,SÃO JOÃO DA MADEIRA,18706.0,11320.0,155.0,102.0,574,PCP-PEV,0,39.4846573292,2005
116,SÃO JOÃO DA MADEIRA,18706.0,11320.0,155.0,102.0,6459,PPD/PSD,5,39.4846573292,2005
117,SEVER DO VOUGA,11494.0,8362.0,150.0,138.0,165,PCP-PEV,0,27.248999478,2005
117,SEVER DO VOUGA,11494.0,8362.0,150.0,138.0,4270,PS,4,27.248999478,2005
117,SEVER DO VOUGA,11494.0,8362.0,150.0,138.0,357,CDS-PP,0,27.248999478,2005
117,SEVER DO VOUGA,11494.0,8362.0,150.0,138.0,3282,PPD/PSD,3,27.248999478,2005
118,VAGOS,17868.0,11169.0,144.0,192.0,2381,CDS-PP,1,37.4916051041,2005
118,VAGOS,17868.0,11169.0,144.0,192.0,1099,PS,0,37.4916051041,2005
118,VAGOS,17868.0,11169.0,144.0,192.0,160,PCP-PEV,0,37.4916051041,2005
118,VAGOS,17868.0,11169.0,144.0,192.0,7193,PPD/PSD,6,37.4916051041,2005
119,VALE DE CAMBRA,21732.0,15567.0,255.0,291.0,299,PCP-PEV,0,28.368304804,2005
119,VALE DE CAMBRA,21732.0,15567.0,255.0,291.0,5090,CDS-PP,2,28.368304804,2005
119,VALE DE CAMBRA,21732.0,15567.0,255.0,291.0,6852,PPD/PSD,4,28.368304804,2005
119,VALE DE CAMBRA,21732.0,15567.0,255.0,291.0,2780,PS,1,28.368304804,2005
201,ALJUSTREL,9144.0,6295.0,149.0,90.0,3378,PCP-PEV,3,31.1570428696,2005
201,ALJUSTREL,9144.0,6295.0,149.0,90.0,176,PPD/PSD.CDS-PP.PPM,0,31.1570428696,2005
201,ALJUSTREL,9144.0,6295.0,149.0,90.0,2502,PS,2,31.1570428696,2005
202,ALMODÔVAR,7606.0,5521.0,119.0,171.0,1918,PS,2,27.4125690245,2005
202,ALMODÔVAR,7606.0,5521.0,119.0,171.0,3092,PPD/PSD,3,27.4125690245,2005
202,ALMODÔVAR,7606.0,5521.0,119.0,171.0,221,PCP-PEV,0,27.4125690245,2005
203,ALVITO,2151.0,1633.0,29.0,32.0,339,PCP-PEV,1,24.0818224082,2005
203,ALVITO,2151.0,1633.0,29.0,32.0,549,X,2,24.0818224082,2005
203,ALVITO,2151.0,1633.0,29.0,32.0,354,PS,1,24.0818224082,2005
203,ALVITO,2151.0,1633.0,29.0,32.0,330,PPD/PSD.CDS-PP.PPM,1,24.0818224082,2005
204,BARRANCOS,1626.0,1352.0,33.0,24.0,582,PS,2,16.8511685117,2005
204,BARRANCOS,1626.0,1352.0,33.0,24.0,702,PCP-PEV,3,16.8511685117,2005
204,BARRANCOS,1626.0,1352.0,33.0,24.0,11,CDS-PP.PPD/PSD.PPM,0,16.8511685117,2005
205,BEJA,29893.0,17705.0,415.0,209.0,474,B.E.,0,40.7720871107,2005
205,BEJA,29893.0,17705.0,415.0,209.0,3053,PPD/PSD,1,40.7720871107,2005
205,BEJA,29893.0,17705.0,415.0,209.0,184,CDS-PP,0,40.7720871107,2005
205,BEJA,29893.0,17705.0,415.0,209.0,5986,PS,3,40.7720871107,2005
205,BEJA,29893.0,17705.0,415.0,209.0,7384,PCP-PEV,3,40.7720871107,2005
206,CASTRO VERDE,6223.0,3860.0,93.0,39.0,1014,PS,1,37.9720392094,2005
206,CASTRO VERDE,6223.0,3860.0,93.0,39.0,287,B.E.,0,37.9720392094,2005
206,CASTRO VERDE,6223.0,3860.0,93.0,39.0,235,PPD/PSD,0,37.9720392094,2005
206,CASTRO VERDE,6223.0,3860.0,93.0,39.0,2192,PCP-PEV,4,37.9720392094,2005
207,CUBA,4132.0,3126.0,51.0,45.0,50,PPD/PSD.CDS-PP.PPM,0,24.3465634076,2005
207,CUBA,4132.0,3126.0,51.0,45.0,1661,PS,3,24.3465634076,2005
207,CUBA,4132.0,3126.0,51.0,45.0,1319,PCP-PEV,2,24.3465634076,2005
208,FERREIRA DO ALENTEJO,8025.0,5081.0,84.0,74.0,2597,PS,3,36.6853582555,2005
208,FERREIRA DO ALENTEJO,8025.0,5081.0,84.0,74.0,1899,PCP-PEV,2,36.6853582555,2005
208,FERREIRA DO ALENTEJO,8025.0,5081.0,84.0,74.0,427,PPD/PSD.CDS-PP.PPM,0,36.6853582555,2005
209,MÉRTOLA,7915.0,5950.0,119.0,121.0,2873,PS,3,24.8262792167,2005
209,MÉRTOLA,7915.0,5950.0,119.0,121.0,2640,PCP-PEV,2,24.8262792167,2005
209,MÉRTOLA,7915.0,5950.0,119.0,121.0,197,PPD/PSD.CDS-PP.PPM,0,24.8262792167,2005
210,MOURA,14156.0,7766.0,183.0,101.0,3074,PS,3,45.1398700198,2005
210,MOURA,14156.0,7766.0,183.0,101.0,3613,PCP-PEV,4,45.1398700198,2005
210,MOURA,14156.0,7766.0,183.0,101.0,104,CDS-PP,0,45.1398700198,2005
210,MOURA,14156.0,7766.0,183.0,101.0,691,PPD/PSD,0,45.1398700198,2005
211,ODEMIRA,22288.0,13938.0,388.0,295.0,5243,PCP-PEV,3,37.4641062455,2005
211,ODEMIRA,22288.0,13938.0,388.0,295.0,1187,PPD/PSD.CDS-PP.PPM,0,37.4641062455,2005
211,ODEMIRA,22288.0,13938.0,388.0,295.0,6825,PS,4,37.4641062455,2005
212,OURIQUE,5425.0,4207.0,73.0,95.0,415,PCP-PEV,0,22.4516129032,2005
212,OURIQUE,5425.0,4207.0,73.0,95.0,1718,PPD/PSD,2,22.4516129032,2005
212,OURIQUE,5425.0,4207.0,73.0,95.0,1906,PS,3,22.4516129032,2005
213,SERPA,14442.0,8257.0,214.0,153.0,2507,PS,2,42.8264783271,2005
213,SERPA,14442.0,8257.0,214.0,153.0,840,PPD/PSD,1,42.8264783271,2005
213,SERPA,14442.0,8257.0,214.0,153.0,4058,PCP-PEV,4,42.8264783271,2005
213,SERPA,14442.0,8257.0,214.0,153.0,485,PCTP/MRPP,0,42.8264783271,2005
214,VIDIGUEIRA,5330.0,3546.0,106.0,47.0,1559,PCP-PEV,3,33.4709193246,2005
214,VIDIGUEIRA,5330.0,3546.0,106.0,47.0,321,PPD/PSD,0,33.4709193246,2005
214,VIDIGUEIRA,5330.0,3546.0,106.0,47.0,1421,PS,2,33.4709193246,2005
214,VIDIGUEIRA,5330.0,3546.0,106.0,47.0,45,B.E.,0,33.4709193246,2005
214,VIDIGUEIRA,5330.0,3546.0,106.0,47.0,47,CDS-PP,0,33.4709193246,2005
301,AMARES,17153.0,11873.0,106.0,148.0,3703,PPD/PSD,2,30.7817874424,2005
301,AMARES,17153.0,11873.0,106.0,148.0,288,PCP-PEV,0,30.7817874424,2005
301,AMARES,17153.0,11873.0,106.0,148.0,558,CDS-PP,0,30.7817874424,2005
301,AMARES,17153.0,11873.0,106.0,148.0,7070,PS,5,30.7817874424,2005
302,BARCELOS,97837.0,74442.0,966.0,640.0,258,PPM,0,23.9122213478,2005
302,BARCELOS,97837.0,74442.0,966.0,640.0,35361,PPD/PSD,5,23.9122213478,2005
302,BARCELOS,97837.0,74442.0,966.0,640.0,1409,B.E.,0,23.9122213478,2005
302,BARCELOS,97837.0,74442.0,966.0,640.0,1320,PND,0,23.9122213478,2005
302,BARCELOS,97837.0,74442.0,966.0,640.0,2169,CDS-PP,0,23.9122213478,2005
302,BARCELOS,97837.0,74442.0,966.0,640.0,31254,PS,4,23.9122213478,2005
302,BARCELOS,97837.0,74442.0,966.0,640.0,1065,PCP-PEV,0,23.9122213478,2005
303,BRAGA,132716.0,90006.0,2232.0,980.0,909,PCTP/MRPP,0,32.1815003466,2005
303,BRAGA,132716.0,90006.0,2232.0,980.0,40106,PS,6,32.1815003466,2005
303,BRAGA,132716.0,90006.0,2232.0,980.0,35027,PPD/PSD.CDS-PP.PPM,5,32.1815003466,2005
303,BRAGA,132716.0,90006.0,2232.0,980.0,447,PH,0,32.1815003466,2005
303,BRAGA,132716.0,90006.0,2232.0,980.0,6364,PCP-PEV,0,32.1815003466,2005
303,BRAGA,132716.0,90006.0,2232.0,980.0,3941,B.E.,0,32.1815003466,2005
304,CABECEIRAS DE BASTO,16098.0,11513.0,101.0,124.0,7012,PS,5,28.4817989812,2005
304,CABECEIRAS DE BASTO,16098.0,11513.0,101.0,124.0,4023,PPD/PSD.CDS-PP,2,28.4817989812,2005
304,CABECEIRAS DE BASTO,16098.0,11513.0,101.0,124.0,253,PCP-PEV,0,28.4817989812,2005
305,CELORICO DE BASTO,18596.0,13348.0,209.0,184.0,6898,PPD/PSD,4,28.2211228221,2005
305,CELORICO DE BASTO,18596.0,13348.0,209.0,184.0,629,CDS-PP,0,28.2211228221,2005
305,CELORICO DE BASTO,18596.0,13348.0,209.0,184.0,274,PCP-PEV,0,28.2211228221,2005
305,CELORICO DE BASTO,18596.0,13348.0,209.0,184.0,5154,PS,3,28.2211228221,2005
306,ESPOSENDE,28545.0,19919.0,334.0,268.0,2861,CDS-PP,1,30.2189525311,2005
306,ESPOSENDE,28545.0,19919.0,334.0,268.0,842,PCP-PEV,0,30.2189525311,2005
306,ESPOSENDE,28545.0,19919.0,334.0,268.0,5602,PS,2,30.2189525311,2005
306,ESPOSENDE,28545.0,19919.0,334.0,268.0,10012,PPD/PSD,4,30.2189525311,2005
307,FAFE,45891.0,32298.0,609.0,341.0,5430,PCP-PEV,1,29.6201869648,2005
307,FAFE,45891.0,32298.0,609.0,341.0,244,PSN,0,29.6201869648,2005
307,FAFE,45891.0,32298.0,609.0,341.0,888,CDS-PP,0,29.6201869648,2005
307,FAFE,45891.0,32298.0,609.0,341.0,7481,PPD/PSD,2,29.6201869648,2005
307,FAFE,45891.0,32298.0,609.0,341.0,16661,PS,4,29.6201869648,2005
307,FAFE,45891.0,32298.0,609.0,341.0,644,B.E.,0,29.6201869648,2005
308,GUIMARÃES,130400.0,88160.0,1412.0,873.0,43691,PS,6,32.3926380368,2005
308,GUIMARÃES,130400.0,88160.0,1412.0,873.0,26602,PPD/PSD,4,32.3926380368,2005
308,GUIMARÃES,130400.0,88160.0,1412.0,873.0,10141,PCP-PEV,1,32.3926380368,2005
308,GUIMARÃES,130400.0,88160.0,1412.0,873.0,1098,PCTP/MRPP,0,32.3926380368,2005
308,GUIMARÃES,130400.0,88160.0,1412.0,873.0,1929,B.E.,0,32.3926380368,2005
308,GUIMARÃES,130400.0,88160.0,1412.0,873.0,2414,CDS-PP,0,32.3926380368,2005
309,PÓVOA DE LANHOSO,20936.0,15198.0,149.0,116.0,191,CDS-PP,0,27.407336645,2005
309,PÓVOA DE LANHOSO,20936.0,15198.0,149.0,116.0,182,PCP-PEV,0,27.407336645,2005
309,PÓVOA DE LANHOSO,20936.0,15198.0,149.0,116.0,8037,PPD/PSD,4,27.407336645,2005
309,PÓVOA DE LANHOSO,20936.0,15198.0,149.0,116.0,6523,PS,3,27.407336645,2005
310,TERRAS DE BOURO,8334.0,5850.0,56.0,87.0,232,CDS-PP,0,29.8056155508,2005
310,TERRAS DE BOURO,8334.0,5850.0,56.0,87.0,136,PCP-PEV,0,29.8056155508,2005
310,TERRAS DE BOURO,8334.0,5850.0,56.0,87.0,3036,PPD/PSD,3,29.8056155508,2005
310,TERRAS DE BOURO,8334.0,5850.0,56.0,87.0,2303,PS,2,29.8056155508,2005
311,VIEIRA DO MINHO,14592.0,10605.0,116.0,124.0,109,B.E.,0,27.3231907895,2005
311,VIEIRA DO MINHO,14592.0,10605.0,116.0,124.0,5100,PPD/PSD.CDS-PP,4,27.3231907895,2005
311,VIEIRA DO MINHO,14592.0,10605.0,116.0,124.0,4911,PS,3,27.3231907895,2005
311,VIEIRA DO MINHO,14592.0,10605.0,116.0,124.0,245,PCP-PEV,0,27.3231907895,2005
312,VILA NOVA DE FAMALICÃO,106106.0,76212.0,806.0,902.0,42254,PPD/PSD.CDS-PP,7,28.1737130794,2005
312,VILA NOVA DE FAMALICÃO,106106.0,76212.0,806.0,902.0,27449,PS,4,28.1737130794,2005
312,VILA NOVA DE FAMALICÃO,106106.0,76212.0,806.0,902.0,2952,PCP-PEV,0,28.1737130794,2005
312,VILA NOVA DE FAMALICÃO,106106.0,76212.0,806.0,902.0,1849,B.E.,0,28.1737130794,2005
313,VILA VERDE,41162.0,28764.0,455.0,401.0,18589,PPD/PSD,5,30.1200136048,2005
313,VILA VERDE,41162.0,28764.0,455.0,401.0,2315,CDS-PP,0,30.1200136048,2005
313,VILA VERDE,41162.0,28764.0,455.0,401.0,769,PCP-PEV,0,30.1200136048,2005
313,VILA VERDE,41162.0,28764.0,455.0,401.0,6235,PS,2,30.1200136048,2005
314,VIZELA,17959.0,12194.0,143.0,135.0,548,PCP-PEV,0,32.1008964864,2005
314,VIZELA,17959.0,12194.0,143.0,135.0,2775,PPD/PSD.CDS-PP,2,32.1008964864,2005
314,VIZELA,17959.0,12194.0,143.0,135.0,491,B.E.,0,32.1008964864,2005
314,VIZELA,17959.0,12194.0,143.0,135.0,8102,PS,5,32.1008964864,2005
401,ALFÂNDEGA DA FÉ,6148.0,4607.0,76.0,91.0,34,PCP-PEV,0,25.0650618087,2005
401,ALFÂNDEGA DA FÉ,6148.0,4607.0,76.0,91.0,93,CDS-PP,0,25.0650618087,2005
401,ALFÂNDEGA DA FÉ,6148.0,4607.0,76.0,91.0,2190,PPD/PSD,3,25.0650618087,2005
401,ALFÂNDEGA DA FÉ,6148.0,4607.0,76.0,91.0,2123,PS,2,25.0650618087,2005
402,BRAGANÇA,33941.0,20840.0,417.0,392.0,304,B.E.,0,38.5993341387,2005
402,BRAGANÇA,33941.0,20840.0,417.0,392.0,264,CDS-PP,0,38.5993341387,2005
402,BRAGANÇA,33941.0,20840.0,417.0,392.0,507,PCP-PEV,0,38.5993341387,2005
402,BRAGANÇA,33941.0,20840.0,417.0,392.0,13346,PPD/PSD,5,38.5993341387,2005
402,BRAGANÇA,33941.0,20840.0,417.0,392.0,5610,PS,2,38.5993341387,2005
403,CARRAZEDA DE ANSIÃES,7870.0,5105.0,89.0,137.0,585,CDS-PP,0,35.1334180432,2005
403,CARRAZEDA DE ANSIÃES,7870.0,5105.0,89.0,137.0,69,PCP-PEV,0,35.1334180432,2005
403,CARRAZEDA DE ANSIÃES,7870.0,5105.0,89.0,137.0,186,PND,0,35.1334180432,2005
403,CARRAZEDA DE ANSIÃES,7870.0,5105.0,89.0,137.0,2631,PPD/PSD,3,35.1334180432,2005
403,CARRAZEDA DE ANSIÃES,7870.0,5105.0,89.0,137.0,1408,PS,2,35.1334180432,2005
404,FREIXO DE ESPADA À CINTA,3998.0,3234.0,32.0,46.0,13,PCP-PEV,0,19.1095547774,2005
404,FREIXO DE ESPADA À CINTA,3998.0,3234.0,32.0,46.0,114,CDS-PP,0,19.1095547774,2005
404,FREIXO DE ESPADA À CINTA,3998.0,3234.0,32.0,46.0,1396,PPD/PSD,2,19.1095547774,2005
404,FREIXO DE ESPADA À CINTA,3998.0,3234.0,32.0,46.0,1633,PS,3,19.1095547774,2005
405,MACEDO DE CAVALEIROS,18122.0,11971.0,241.0,261.0,3869,PS,2,33.9421697384,2005
405,MACEDO DE CAVALEIROS,18122.0,11971.0,241.0,261.0,6466,PPD/PSD,5,33.9421697384,2005
405,MACEDO DE CAVALEIROS,18122.0,11971.0,241.0,261.0,144,PCP-PEV,0,33.9421697384,2005
405,MACEDO DE CAVALEIROS,18122.0,11971.0,241.0,261.0,990,CDS-PP,0,33.9421697384,2005
406,MIRANDA DO DOURO,8247.0,5769.0,102.0,121.0,45,PCP-PEV,0,30.0472899236,2005
406,MIRANDA DO DOURO,8247.0,5769.0,102.0,121.0,3052,PPD/PSD,3,30.0472899236,2005
406,MIRANDA DO DOURO,8247.0,5769.0,102.0,121.0,2260,PS,2,30.0472899236,2005
406,MIRANDA DO DOURO,8247.0,5769.0,102.0,121.0,189,CDS-PP,0,30.0472899236,2005
407,MIRANDELA,24214.0,15864.0,301.0,321.0,373,PCP-PEV,0,34.4841827042,2005
407,MIRANDELA,24214.0,15864.0,301.0,321.0,7454,PPD/PSD,4,34.4841827042,2005
407,MIRANDELA,24214.0,15864.0,301.0,321.0,5685,CDS-PP,3,34.4841827042,2005
407,MIRANDELA,24214.0,15864.0,301.0,321.0,1730,PS,0,34.4841827042,2005
408,MOGADOURO,11656.0,8237.0,125.0,192.0,114,PCP-PEV,0,29.3325326012,2005
408,MOGADOURO,11656.0,8237.0,125.0,192.0,4251,PPD/PSD,4,29.3325326012,2005
408,MOGADOURO,11656.0,8237.0,125.0,192.0,3555,PS,3,29.3325326012,2005
409,TORRE DE MONCORVO,10050.0,6682.0,148.0,134.0,3311,PS,3,33.5124378109,2005
409,TORRE DE MONCORVO,10050.0,6682.0,148.0,134.0,2026,PPD/PSD,2,33.5124378109,2005
409,TORRE DE MONCORVO,10050.0,6682.0,148.0,134.0,104,PCP-PEV,0,33.5124378109,2005
409,TORRE DE MONCORVO,10050.0,6682.0,148.0,134.0,959,CDS-PP,0,33.5124378109,2005
410,VILA FLOR,7847.0,5480.0,159.0,120.0,179,CDS-PP,0,30.1643940359,2005
410,VILA FLOR,7847.0,5480.0,159.0,120.0,3126,PS,3,30.1643940359,2005
410,VILA FLOR,7847.0,5480.0,159.0,120.0,82,PCP-PEV,0,30.1643940359,2005
410,VILA FLOR,7847.0,5480.0,159.0,120.0,1814,PPD/PSD,2,30.1643940359,2005
411,VIMIOSO,6588.0,4561.0,80.0,102.0,1648,PS,2,30.7680631451,2005
411,VIMIOSO,6588.0,4561.0,80.0,102.0,2679,PPD/PSD,3,30.7680631451,2005
411,VIMIOSO,6588.0,4561.0,80.0,102.0,32,PCP-PEV,0,30.7680631451,2005
411,VIMIOSO,6588.0,4561.0,80.0,102.0,20,CDS-PP,0,30.7680631451,2005
412,VINHAIS,12263.0,8687.0,156.0,186.0,4272,PS,4,29.1608904836,2005
412,VINHAIS,12263.0,8687.0,156.0,186.0,3964,PPD/PSD,3,29.1608904836,2005
412,VINHAIS,12263.0,8687.0,156.0,186.0,109,PCP-PEV,0,29.1608904836,2005
501,BELMONTE,6148.0,4628.0,94.0,90.0,1751,XIX,2,24.7234873129,2005
501,BELMONTE,6148.0,4628.0,94.0,90.0,2414,PS,3,24.7234873129,2005
501,BELMONTE,6148.0,4628.0,94.0,90.0,192,PCP-PEV,0,24.7234873129,2005
501,BELMONTE,6148.0,4628.0,94.0,90.0,87,B.E.,0,24.7234873129,2005
502,CASTELO BRANCO,48889.0,29270.0,736.0,408.0,5590,PPD/PSD,1,40.1296815235,2005
502,CASTELO BRANCO,48889.0,29270.0,736.0,408.0,701,B.E.,0,40.1296815235,2005
502,CASTELO BRANCO,48889.0,29270.0,736.0,408.0,1022,PCP-PEV,0,40.1296815235,2005
502,CASTELO BRANCO,48889.0,29270.0,736.0,408.0,560,CDS-PP,0,40.1296815235,2005
502,CASTELO BRANCO,48889.0,29270.0,736.0,408.0,81,PPM,0,40.1296815235,2005
502,CASTELO BRANCO,48889.0,29270.0,736.0,408.0,20172,PS,6,40.1296815235,2005
503,COVILHÃ,49674.0,32169.0,633.0,741.0,649,B.E.,0,35.2397632564,2005
503,COVILHÃ,49674.0,32169.0,633.0,741.0,2547,PCP-PEV,0,35.2397632564,2005
503,COVILHÃ,49674.0,32169.0,633.0,741.0,7961,PS,2,35.2397632564,2005
503,COVILHÃ,49674.0,32169.0,633.0,741.0,524,CDS-PP,0,35.2397632564,2005
503,COVILHÃ,49674.0,32169.0,633.0,741.0,88,PPM,0,35.2397632564,2005
503,COVILHÃ,49674.0,32169.0,633.0,741.0,19026,PPD/PSD,5,35.2397632564,2005
504,FUNDÃO,29102.0,19576.0,412.0,696.0,430,CDS-PP,0,32.7331454883,2005
504,FUNDÃO,29102.0,19576.0,412.0,696.0,872,PCP-PEV,0,32.7331454883,2005
504,FUNDÃO,29102.0,19576.0,412.0,696.0,12445,PPD/PSD,5,32.7331454883,2005
504,FUNDÃO,29102.0,19576.0,412.0,696.0,4721,PS,2,32.7331454883,2005
505,IDANHA-A-NOVA,11163.0,8388.0,188.0,265.0,4436,PS,4,24.8589088955,2005
505,IDANHA-A-NOVA,11163.0,8388.0,188.0,265.0,3114,PPD/PSD,3,24.8589088955,2005
505,IDANHA-A-NOVA,11163.0,8388.0,188.0,265.0,202,PCP-PEV,0,24.8589088955,2005
505,IDANHA-A-NOVA,11163.0,8388.0,188.0,265.0,183,CDS-PP,0,24.8589088955,2005
506,OLEIROS,6993.0,4400.0,111.0,73.0,92,PCP-PEV,0,37.0799370799,2005
506,OLEIROS,6993.0,4400.0,111.0,73.0,3348,PPD/PSD,4,37.0799370799,2005
506,OLEIROS,6993.0,4400.0,111.0,73.0,776,PS,1,37.0799370799,2005
507,PENAMACOR,6515.0,4811.0,125.0,145.0,163,PCP-PEV,0,26.1550268611,2005
507,PENAMACOR,6515.0,4811.0,125.0,145.0,1670,PPD/PSD.CDS-PP.MPT,2,26.1550268611,2005
507,PENAMACOR,6515.0,4811.0,125.0,145.0,2708,PS,3,26.1550268611,2005
508,PROENÇA-A-NOVA,8831.0,6610.0,134.0,155.0,3793,PS,3,25.1500396331,2005
508,PROENÇA-A-NOVA,8831.0,6610.0,134.0,155.0,2129,PPD/PSD,2,25.1500396331,2005
508,PROENÇA-A-NOVA,8831.0,6610.0,134.0,155.0,112,PND,0,25.1500396331,2005
508,PROENÇA-A-NOVA,8831.0,6610.0,134.0,155.0,21,PCP-PEV,0,25.1500396331,2005
508,PROENÇA-A-NOVA,8831.0,6610.0,134.0,155.0,266,CDS-PP,0,25.1500396331,2005
509,SERTÃ,15638.0,10687.0,175.0,237.0,38,PCP-PEV,0,31.6600588311,2005
509,SERTÃ,15638.0,10687.0,175.0,237.0,5527,PS,4,31.6600588311,2005
509,SERTÃ,15638.0,10687.0,175.0,237.0,530,CDS-PP,0,31.6600588311,2005
509,SERTÃ,15638.0,10687.0,175.0,237.0,140,B.E.,0,31.6600588311,2005
509,SERTÃ,15638.0,10687.0,175.0,237.0,4040,PPD/PSD,3,31.6600588311,2005
510,VILA DE REI,3216.0,2492.0,69.0,97.0,154,PS,0,22.5124378109,2005
510,VILA DE REI,3216.0,2492.0,69.0,97.0,1544,PPD/PSD,4,22.5124378109,2005
510,VILA DE REI,3216.0,2492.0,69.0,97.0,571,CDS-PP,1,22.5124378109,2005
510,VILA DE REI,3216.0,2492.0,69.0,97.0,57,PCP-PEV,0,22.5124378109,2005
511,VILA VELHA DE RÓDÃO,3815.0,2849.0,42.0,38.0,120,PCP-PEV,0,25.3211009174,2005
511,VILA VELHA DE RÓDÃO,3815.0,2849.0,42.0,38.0,997,PPD/PSD,2,25.3211009174,2005
511,VILA VELHA DE RÓDÃO,3815.0,2849.0,42.0,38.0,1652,PS,3,25.3211009174,2005
601,ARGANIL,11889.0,8433.0,232.0,216.0,4628,PPD/PSD,4,29.0688872067,2005
601,ARGANIL,11889.0,8433.0,232.0,216.0,3003,PS,3,29.0688872067,2005
601,ARGANIL,11889.0,8433.0,232.0,216.0,72,CDS-PP,0,29.0688872067,2005
601,ARGANIL,11889.0,8433.0,232.0,216.0,282,PCP-PEV,0,29.0688872067,2005
602,CANTANHEDE,33698.0,21956.0,359.0,380.0,8438,PS,3,34.8447979109,2005
602,CANTANHEDE,33698.0,21956.0,359.0,380.0,310,PCP-PEV,0,34.8447979109,2005
602,CANTANHEDE,33698.0,21956.0,359.0,380.0,296,CDS-PP,0,34.8447979109,2005
602,CANTANHEDE,33698.0,21956.0,359.0,380.0,12173,PPD/PSD,4,34.8447979109,2005
603,COIMBRA,123721.0,69180.0,1882.0,891.0,3642,B.E.,0,44.0838661181,2005
603,COIMBRA,123721.0,69180.0,1882.0,891.0,693,PCTP/MRPP,0,44.0838661181,2005
603,COIMBRA,123721.0,69180.0,1882.0,891.0,161,PH,0,44.0838661181,2005
603,COIMBRA,123721.0,69180.0,1882.0,891.0,21001,PS,4,44.0838661181,2005
603,COIMBRA,123721.0,69180.0,1882.0,891.0,31525,PPD/PSD.CDS-PP.PPM,6,44.0838661181,2005
603,COIMBRA,123721.0,69180.0,1882.0,891.0,9385,PCP-PEV,1,44.0838661181,2005
604,CONDEIXA-A-NOVA,11384.0,7341.0,193.0,110.0,615,PCP-PEV,0,35.5147575545,2005
604,CONDEIXA-A-NOVA,11384.0,7341.0,193.0,110.0,2586,PPD/PSD,3,35.5147575545,2005
604,CONDEIXA-A-NOVA,11384.0,7341.0,193.0,110.0,3837,PS,4,35.5147575545,2005
605,FIGUEIRA DA FOZ,55963.0,31536.0,821.0,461.0,15403,PPD/PSD,5,43.6484820328,2005
605,FIGUEIRA DA FOZ,55963.0,31536.0,821.0,461.0,977,B.E.,0,43.6484820328,2005
605,FIGUEIRA DA FOZ,55963.0,31536.0,821.0,461.0,2139,PCP-PEV,0,43.6484820328,2005
605,FIGUEIRA DA FOZ,55963.0,31536.0,821.0,461.0,11186,PS,4,43.6484820328,2005
605,FIGUEIRA DA FOZ,55963.0,31536.0,821.0,461.0,549,CDS-PP,0,43.6484820328,2005
606,GÓIS,4334.0,2970.0,58.0,71.0,1089,PPD/PSD,2,31.4720812183,2005
606,GÓIS,4334.0,2970.0,58.0,71.0,65,PCP-PEV,0,31.4720812183,2005
606,GÓIS,4334.0,2970.0,58.0,71.0,1656,PS,3,31.4720812183,2005
606,GÓIS,4334.0,2970.0,58.0,71.0,31,CDS-PP,0,31.4720812183,2005
607,LOUSÃ,13463.0,8603.0,215.0,136.0,4816,PS,5,36.0989378296,2005
607,LOUSÃ,13463.0,8603.0,215.0,136.0,2780,PPD/PSD,2,36.0989378296,2005
607,LOUSÃ,13463.0,8603.0,215.0,136.0,281,PCP-PEV,0,36.0989378296,2005
607,LOUSÃ,13463.0,8603.0,215.0,136.0,261,B.E.,0,36.0989378296,2005
607,LOUSÃ,13463.0,8603.0,215.0,136.0,114,CDS-PP,0,36.0989378296,2005
608,MIRA,11962.0,8169.0,143.0,100.0,3404,PPD/PSD,3,31.7087443571,2005
608,MIRA,11962.0,8169.0,143.0,100.0,3837,PS,4,31.7087443571,2005
608,MIRA,11962.0,8169.0,143.0,100.0,76,PCP-PEV,0,31.7087443571,2005
608,MIRA,11962.0,8169.0,143.0,100.0,465,II,0,31.7087443571,2005
608,MIRA,11962.0,8169.0,143.0,100.0,144,CDS-PP,0,31.7087443571,2005
609,MIRANDA DO CORVO,10591.0,7456.0,165.0,102.0,3814,PPD/PSD.CDS-PP,4,29.6006042867,2005
609,MIRANDA DO CORVO,10591.0,7456.0,165.0,102.0,108,B.E.,0,29.6006042867,2005
609,MIRANDA DO CORVO,10591.0,7456.0,165.0,102.0,3068,PS,3,29.6006042867,2005
609,MIRANDA DO CORVO,10591.0,7456.0,165.0,102.0,199,PCP-PEV,0,29.6006042867,2005
610,MONTEMOR-O-VELHO,21959.0,14997.0,295.0,197.0,655,PCP-PEV,0,31.7045402796,2005
610,MONTEMOR-O-VELHO,21959.0,14997.0,295.0,197.0,8995,PPD/PSD.CDS-PP,5,31.7045402796,2005
610,MONTEMOR-O-VELHO,21959.0,14997.0,295.0,197.0,4855,PS,2,31.7045402796,2005
611,OLIVEIRA DO HOSPITAL,19433.0,13417.0,231.0,249.0,4620,PS,3,30.9576493593,2005
611,OLIVEIRA DO HOSPITAL,19433.0,13417.0,231.0,249.0,7181,PPD/PSD,4,30.9576493593,2005
611,OLIVEIRA DO HOSPITAL,19433.0,13417.0,231.0,249.0,639,PCP-PEV,0,30.9576493593,2005
611,OLIVEIRA DO HOSPITAL,19433.0,13417.0,231.0,249.0,497,CDS-PP,0,30.9576493593,2005
612,PAMPILHOSA DA SERRA,5026.0,3601.0,81.0,80.0,1096,PS,1,28.3525666534,2005
612,PAMPILHOSA DA SERRA,5026.0,3601.0,81.0,80.0,2295,PPD/PSD,4,28.3525666534,2005
612,PAMPILHOSA DA SERRA,5026.0,3601.0,81.0,80.0,49,PCP-PEV,0,28.3525666534,2005
613,PENACOVA,14392.0,9393.0,155.0,156.0,5292,PPD/PSD,5,34.7345747638,2005
613,PENACOVA,14392.0,9393.0,155.0,156.0,2640,PS,2,34.7345747638,2005
613,PENACOVA,14392.0,9393.0,155.0,156.0,969,PCP-PEV,0,34.7345747638,2005
613,PENACOVA,14392.0,9393.0,155.0,156.0,181,CDS-PP,0,34.7345747638,2005
614,PENELA,5558.0,4006.0,81.0,74.0,1712,PS,2,27.923713566,2005
614,PENELA,5558.0,4006.0,81.0,74.0,2031,PPD/PSD,3,27.923713566,2005
614,PENELA,5558.0,4006.0,81.0,74.0,55,CDS-PP,0,27.923713566,2005
614,PENELA,5558.0,4006.0,81.0,74.0,53,PCP-PEV,0,27.923713566,2005
615,SOURE,18474.0,12258.0,285.0,226.0,5579,PS,3,33.6472880805,2005
615,SOURE,18474.0,12258.0,285.0,226.0,4574,PPD/PSD,3,33.6472880805,2005
615,SOURE,18474.0,12258.0,285.0,226.0,1447,PCP-PEV,1,33.6472880805,2005
615,SOURE,18474.0,12258.0,285.0,226.0,147,CDS-PP,0,33.6472880805,2005
616,TÁBUA,10510.0,7812.0,130.0,118.0,127,PCP-PEV,0,25.6707897241,2005
616,TÁBUA,10510.0,7812.0,130.0,118.0,204,CDS-PP,0,25.6707897241,2005
616,TÁBUA,10510.0,7812.0,130.0,118.0,3695,PS,4,25.6707897241,2005
616,TÁBUA,10510.0,7812.0,130.0,118.0,3538,PPD/PSD,3,25.6707897241,2005
617,VILA NOVA DE POIARES,5874.0,3912.0,103.0,49.0,69,PCP-PEV,0,33.4014300306,2005
617,VILA NOVA DE POIARES,5874.0,3912.0,103.0,49.0,67,CDS-PP,0,33.4014300306,2005
617,VILA NOVA DE POIARES,5874.0,3912.0,103.0,49.0,2129,PPD/PSD,3,33.4014300306,2005
617,VILA NOVA DE POIARES,5874.0,3912.0,103.0,49.0,1495,PS,2,33.4014300306,2005
701,ALANDROAL,5748.0,4284.0,52.0,41.0,1508,PCP-PEV,2,25.4697286013,2005
701,ALANDROAL,5748.0,4284.0,52.0,41.0,352,PPD/PSD,0,25.4697286013,2005
701,ALANDROAL,5748.0,4284.0,52.0,41.0,2331,PS,3,25.4697286013,2005
702,ARRAIOLOS,6451.0,4342.0,132.0,73.0,2744,PCP-PEV,4,32.6926057976,2005
702,ARRAIOLOS,6451.0,4342.0,132.0,73.0,448,PPD/PSD.CDS-PP,0,32.6926057976,2005
702,ARRAIOLOS,6451.0,4342.0,132.0,73.0,945,PS,1,32.6926057976,2005
703,BORBA,6628.0,4569.0,115.0,83.0,47,CDS-PP,0,31.0651780326,2005
703,BORBA,6628.0,4569.0,115.0,83.0,1027,PCP-PEV,1,31.0651780326,2005
703,BORBA,6628.0,4569.0,115.0,83.0,534,PPD/PSD,0,31.0651780326,2005
703,BORBA,6628.0,4569.0,115.0,83.0,2763,PS,4,31.0651780326,2005
704,ESTREMOZ,13488.0,8409.0,216.0,135.0,2870,PS,3,37.6556939502,2005
704,ESTREMOZ,13488.0,8409.0,216.0,135.0,116,B.E.,0,37.6556939502,2005
704,ESTREMOZ,13488.0,8409.0,216.0,135.0,192,CDS-PP,0,37.6556939502,2005
704,ESTREMOZ,13488.0,8409.0,216.0,135.0,439,I,0,37.6556939502,2005
704,ESTREMOZ,13488.0,8409.0,216.0,135.0,2797,PCP-PEV,3,37.6556939502,2005
704,ESTREMOZ,13488.0,8409.0,216.0,135.0,1644,PPD/PSD,1,37.6556939502,2005
705,ÉVORA,46255.0,25038.0,528.0,224.0,11029,PS,3,45.8696357151,2005
705,ÉVORA,46255.0,25038.0,528.0,224.0,370,CDS-PP,0,45.8696357151,2005
705,ÉVORA,46255.0,25038.0,528.0,224.0,8389,PCP-PEV,3,45.8696357151,2005
705,ÉVORA,46255.0,25038.0,528.0,224.0,665,B.E.,0,45.8696357151,2005
705,ÉVORA,46255.0,25038.0,528.0,224.0,76,PPM,0,45.8696357151,2005
705,ÉVORA,46255.0,25038.0,528.0,224.0,3757,PPD/PSD,1,45.8696357151,2005
706,MONTEMOR-O-NOVO,15753.0,9935.0,258.0,125.0,5332,PCP-PEV,4,36.9326477496,2005
706,MONTEMOR-O-NOVO,15753.0,9935.0,258.0,125.0,1393,PPD/PSD.CDS-PP,1,36.9326477496,2005
706,MONTEMOR-O-NOVO,15753.0,9935.0,258.0,125.0,2827,PS,2,36.9326477496,2005
707,MORA,5345.0,3582.0,102.0,68.0,1953,PCP-PEV,4,32.9840972872,2005
707,MORA,5345.0,3582.0,102.0,68.0,154,B.E.,0,32.9840972872,2005
707,MORA,5345.0,3582.0,102.0,68.0,918,PS,1,32.9840972872,2005
707,MORA,5345.0,3582.0,102.0,68.0,387,PPD/PSD,0,32.9840972872,2005
708,MOURÃO,2557.0,1982.0,45.0,39.0,75,PCP-PEV,0,22.4872897927,2005
708,MOURÃO,2557.0,1982.0,45.0,39.0,923,PS,3,22.4872897927,2005
708,MOURÃO,2557.0,1982.0,45.0,39.0,900,PPD/PSD.CDS-PP,2,22.4872897927,2005
709,PORTEL,6140.0,4586.0,64.0,65.0,18,CDS-PP,0,25.3094462541,2005
709,PORTEL,6140.0,4586.0,64.0,65.0,1775,PCP-PEV,2,25.3094462541,2005
709,PORTEL,6140.0,4586.0,64.0,65.0,79,PPD/PSD,0,25.3094462541,2005
709,PORTEL,6140.0,4586.0,64.0,65.0,2585,PS,3,25.3094462541,2005
710,REDONDO,6332.0,4303.0,91.0,41.0,1280,PS,2,32.0435881238,2005
710,REDONDO,6332.0,4303.0,91.0,41.0,404,PPD/PSD,0,32.0435881238,2005
710,REDONDO,6332.0,4303.0,91.0,41.0,557,PCP-PEV,0,32.0435881238,2005
710,REDONDO,6332.0,4303.0,91.0,41.0,62,B.E.,0,32.0435881238,2005
710,REDONDO,6332.0,4303.0,91.0,41.0,1868,I,3,32.0435881238,2005
711,REGUENGOS DE MONSARAZ,9135.0,5628.0,125.0,72.0,798,PCP-PEV,0,38.3908045977,2005
711,REGUENGOS DE MONSARAZ,9135.0,5628.0,125.0,72.0,102,CDS-PP,0,38.3908045977,2005
711,REGUENGOS DE MONSARAZ,9135.0,5628.0,125.0,72.0,2805,PS,3,38.3908045977,2005
711,REGUENGOS DE MONSARAZ,9135.0,5628.0,125.0,72.0,1726,PPD/PSD,2,38.3908045977,2005
712,VENDAS NOVAS,10361.0,6312.0,190.0,72.0,1116,PPD/PSD,1,39.0792394557,2005
712,VENDAS NOVAS,10361.0,6312.0,190.0,72.0,2042,PS,2,39.0792394557,2005
712,VENDAS NOVAS,10361.0,6312.0,190.0,72.0,2892,PCP-PEV,4,39.0792394557,2005
713,VIANA DO ALENTEJO,4809.0,2967.0,65.0,41.0,1600,PCP-PEV,3,38.3031815346,2005
713,VIANA DO ALENTEJO,4809.0,2967.0,65.0,41.0,574,PPD/PSD,1,38.3031815346,2005
713,VIANA DO ALENTEJO,4809.0,2967.0,65.0,41.0,687,PS,1,38.3031815346,2005
714,VILA VIÇOSA,7482.0,5091.0,88.0,72.0,2638,PCP-PEV,3,31.9566960706,2005
714,VILA VIÇOSA,7482.0,5091.0,88.0,72.0,707,PPD/PSD.PPM,0,31.9566960706,2005
714,VILA VIÇOSA,7482.0,5091.0,88.0,72.0,103,CDS-PP,0,31.9566960706,2005
714,VILA VIÇOSA,7482.0,5091.0,88.0,72.0,1483,PS,2,31.9566960706,2005
801,ALBUFEIRA,24622.0,13672.0,367.0,206.0,8565,PPD/PSD,5,44.4724230363,2005
801,ALBUFEIRA,24622.0,13672.0,367.0,206.0,3610,PS,2,44.4724230363,2005
801,ALBUFEIRA,24622.0,13672.0,367.0,206.0,263,CDS-PP,0,44.4724230363,2005
801,ALBUFEIRA,24622.0,13672.0,367.0,206.0,661,PCP-PEV,0,44.4724230363,2005
802,ALCOUTIM,3460.0,2525.0,70.0,55.0,1026,PS,2,27.0231213873,2005
802,ALCOUTIM,3460.0,2525.0,70.0,55.0,1237,PPD/PSD,3,27.0231213873,2005
802,ALCOUTIM,3460.0,2525.0,70.0,55.0,74,PCP-PEV,0,27.0231213873,2005
802,ALCOUTIM,3460.0,2525.0,70.0,55.0,63,CDS-PP,0,27.0231213873,2005
803,ALJEZUR,4572.0,3010.0,96.0,86.0,589,PPD/PSD,1,34.1644794401,2005
803,ALJEZUR,4572.0,3010.0,96.0,86.0,35,CDS-PP,0,34.1644794401,2005
803,ALJEZUR,4572.0,3010.0,96.0,86.0,338,PCP-PEV,0,34.1644794401,2005
803,ALJEZUR,4572.0,3010.0,96.0,86.0,1866,PS,4,34.1644794401,2005
804,CASTRO MARIM,6038.0,4382.0,70.0,79.0,1885,PS,2,27.4263000994,2005
804,CASTRO MARIM,6038.0,4382.0,70.0,79.0,99,PCP-PEV,0,27.4263000994,2005
804,CASTRO MARIM,6038.0,4382.0,70.0,79.0,2200,PPD/PSD,3,27.4263000994,2005
804,CASTRO MARIM,6038.0,4382.0,70.0,79.0,49,CDS-PP,0,27.4263000994,2005
805,FARO,49542.0,26687.0,662.0,373.0,10332,PPD/PSD,3,46.1325743813,2005
805,FARO,49542.0,26687.0,662.0,373.0,389,CDS-PP,0,46.1325743813,2005
805,FARO,49542.0,26687.0,662.0,373.0,1242,B.E.,0,46.1325743813,2005
805,FARO,49542.0,26687.0,662.0,373.0,2409,PCP-PEV,0,46.1325743813,2005
805,FARO,49542.0,26687.0,662.0,373.0,200,PH,0,46.1325743813,2005
805,FARO,49542.0,26687.0,662.0,373.0,11080,PS,4,46.1325743813,2005
806,LAGOA,16062.0,9180.0,220.0,122.0,3913,PS,3,42.846469929,2005
806,LAGOA,16062.0,9180.0,220.0,122.0,4115,PPD/PSD,4,42.846469929,2005
806,LAGOA,16062.0,9180.0,220.0,122.0,182,CDS-PP,0,42.846469929,2005
806,LAGOA,16062.0,9180.0,220.0,122.0,628,PCP-PEV,0,42.846469929,2005
807,LAGOS,20928.0,13152.0,245.0,180.0,4711,PPD/PSD,3,37.1559633028,2005
807,LAGOS,20928.0,13152.0,245.0,180.0,1027,PCP-PEV,0,37.1559633028,2005
807,LAGOS,20928.0,13152.0,245.0,180.0,241,B.E.,0,37.1559633028,2005
807,LAGOS,20928.0,13152.0,245.0,180.0,248,CDS-PP,0,37.1559633028,2005
807,LAGOS,20928.0,13152.0,245.0,180.0,6500,PS,4,37.1559633028,2005
808,LOULÉ,48966.0,28163.0,701.0,398.0,444,CDS-PP,0,42.4845811379,2005
808,LOULÉ,48966.0,28163.0,701.0,398.0,623,PCP-PEV,0,42.4845811379,2005
808,LOULÉ,48966.0,28163.0,701.0,398.0,14607,PPD/PSD,4,42.4845811379,2005
808,LOULÉ,48966.0,28163.0,701.0,398.0,10625,PS,3,42.4845811379,2005
808,LOULÉ,48966.0,28163.0,701.0,398.0,765,B.E.,0,42.4845811379,2005
809,MONCHIQUE,6029.0,4480.0,103.0,86.0,155,PCP-PEV,0,25.6924863161,2005
809,MONCHIQUE,6029.0,4480.0,103.0,86.0,2288,PS,3,25.6924863161,2005
809,MONCHIQUE,6029.0,4480.0,103.0,86.0,1753,PPD/PSD,2,25.6924863161,2005
809,MONCHIQUE,6029.0,4480.0,103.0,86.0,95,CDS-PP,0,25.6924863161,2005
810,OLHÃO,32431.0,15076.0,407.0,219.0,1473,PCP-PEV,0,53.5136135179,2005
810,OLHÃO,32431.0,15076.0,407.0,219.0,220,PCTP/MRPP,0,53.5136135179,2005
810,OLHÃO,32431.0,15076.0,407.0,219.0,7973,PS,5,53.5136135179,2005
810,OLHÃO,32431.0,15076.0,407.0,219.0,4429,PPD/PSD,2,53.5136135179,2005
810,OLHÃO,32431.0,15076.0,407.0,219.0,355,CDS-PP,0,53.5136135179,2005
811,PORTIMÃO,39455.0,19908.0,562.0,301.0,2150,PCP-PEV,1,49.5425167913,2005
811,PORTIMÃO,39455.0,19908.0,562.0,301.0,5787,PPD/PSD.CDS-PP.PPM.MPT,2,49.5425167913,2005
811,PORTIMÃO,39455.0,19908.0,562.0,301.0,8572,PS,4,49.5425167913,2005
811,PORTIMÃO,39455.0,19908.0,562.0,301.0,1505,B.E.,0,49.5425167913,2005
811,PORTIMÃO,39455.0,19908.0,562.0,301.0,1031,I,0,49.5425167913,2005
812,SÃO BRÁS DE ALPORTEL,7917.0,4708.0,103.0,69.0,273,PCP-PEV,0,40.5330301882,2005
812,SÃO BRÁS DE ALPORTEL,7917.0,4708.0,103.0,69.0,931,PPD/PSD,1,40.5330301882,2005
812,SÃO BRÁS DE ALPORTEL,7917.0,4708.0,103.0,69.0,88,CDS-PP,0,40.5330301882,2005
812,SÃO BRÁS DE ALPORTEL,7917.0,4708.0,103.0,69.0,3244,PS,4,40.5330301882,2005
813,SILVES,28175.0,16735.0,473.0,333.0,166,CDS-PP,0,40.6033717835,2005
813,SILVES,28175.0,16735.0,473.0,333.0,7395,PPD/PSD,4,40.6033717835,2005
813,SILVES,28175.0,16735.0,473.0,333.0,4610,PS,2,40.6033717835,2005
813,SILVES,28175.0,16735.0,473.0,333.0,3224,PCP-PEV,1,40.6033717835,2005
813,SILVES,28175.0,16735.0,473.0,333.0,534,B.E.,0,40.6033717835,2005
814,TAVIRA,21869.0,14191.0,283.0,254.0,5046,PS,3,35.1090584846,2005
814,TAVIRA,21869.0,14191.0,283.0,254.0,7677,PPD/PSD,4,35.1090584846,2005
814,TAVIRA,21869.0,14191.0,283.0,254.0,414,PCP-PEV,0,35.1090584846,2005
814,TAVIRA,21869.0,14191.0,283.0,254.0,212,CDS-PP,0,35.1090584846,2005
814,TAVIRA,21869.0,14191.0,283.0,254.0,305,B.E.,0,35.1090584846,2005
815,VILA DO BISPO,4287.0,3115.0,44.0,42.0,1313,PS,2,27.3384651271,2005
815,VILA DO BISPO,4287.0,3115.0,44.0,42.0,1397,PPD/PSD,3,27.3384651271,2005
815,VILA DO BISPO,4287.0,3115.0,44.0,42.0,105,PCP-PEV,0,27.3384651271,2005
815,VILA DO BISPO,4287.0,3115.0,44.0,42.0,19,CDS-PP,0,27.3384651271,2005
815,VILA DO BISPO,4287.0,3115.0,44.0,42.0,195,B.E.,0,27.3384651271,2005
816,VILA REAL DE SANTO ANTÓNIO,15086.0,9498.0,155.0,127.0,4185,PPD/PSD,3,37.0409651332,2005
816,VILA REAL DE SANTO ANTÓNIO,15086.0,9498.0,155.0,127.0,1406,PCP-PEV,1,37.0409651332,2005
816,VILA REAL DE SANTO ANTÓNIO,15086.0,9498.0,155.0,127.0,3350,PS,3,37.0409651332,2005
816,VILA REAL DE SANTO ANTÓNIO,15086.0,9498.0,155.0,127.0,210,B.E.,0,37.0409651332,2005
816,VILA REAL DE SANTO ANTÓNIO,15086.0,9498.0,155.0,127.0,65,CDS-PP,0,37.0409651332,2005
901,AGUIAR DA BEIRA,6143.0,4320.0,46.0,126.0,2643,PPD/PSD,3,29.6760540453,2005
901,AGUIAR DA BEIRA,6143.0,4320.0,46.0,126.0,1433,PS,2,29.6760540453,2005
901,AGUIAR DA BEIRA,6143.0,4320.0,46.0,126.0,72,PCP-PEV,0,29.6760540453,2005
902,ALMEIDA,8597.0,6128.0,99.0,113.0,150,CDS-PP,0,28.7193206933,2005
902,ALMEIDA,8597.0,6128.0,99.0,113.0,142,PCP-PEV,0,28.7193206933,2005
902,ALMEIDA,8597.0,6128.0,99.0,113.0,2857,PPD/PSD,3,28.7193206933,2005
902,ALMEIDA,8597.0,6128.0,99.0,113.0,2767,PS,2,28.7193206933,2005
903,CELORICO DA BEIRA,8736.0,6637.0,79.0,129.0,120,CDS-PP,0,24.027014652,2005
903,CELORICO DA BEIRA,8736.0,6637.0,79.0,129.0,71,PCP-PEV,0,24.027014652,2005
903,CELORICO DA BEIRA,8736.0,6637.0,79.0,129.0,2971,PPD/PSD,2,24.027014652,2005
903,CELORICO DA BEIRA,8736.0,6637.0,79.0,129.0,3267,PS,3,24.027014652,2005
904,FIGUEIRA DE CASTELO RODRIGO,6618.0,5129.0,84.0,108.0,30,B.E.,0,22.4992444847,2005
904,FIGUEIRA DE CASTELO RODRIGO,6618.0,5129.0,84.0,108.0,33,PCP-PEV,0,22.4992444847,2005
904,FIGUEIRA DE CASTELO RODRIGO,6618.0,5129.0,84.0,108.0,2767,PPD/PSD,3,22.4992444847,2005
904,FIGUEIRA DE CASTELO RODRIGO,6618.0,5129.0,84.0,108.0,2107,PS,2,22.4992444847,2005
905,FORNOS DE ALGODRES,5377.0,4103.0,72.0,69.0,2611,PPD/PSD,4,23.6935093919,2005
905,FORNOS DE ALGODRES,5377.0,4103.0,72.0,69.0,51,PCP-PEV,0,23.6935093919,2005
905,FORNOS DE ALGODRES,5377.0,4103.0,72.0,69.0,1183,PS,1,23.6935093919,2005
905,FORNOS DE ALGODRES,5377.0,4103.0,72.0,69.0,117,CDS-PP,0,23.6935093919,2005
906,GOUVEIA,15397.0,10370.0,286.0,168.0,3861,PS,3,32.64921738,2005
906,GOUVEIA,15397.0,10370.0,286.0,168.0,5556,PPD/PSD,4,32.64921738,2005
906,GOUVEIA,15397.0,10370.0,286.0,168.0,499,PCP-PEV,0,32.64921738,2005
907,GUARDA,37122.0,25921.0,595.0,434.0,521,B.E.,0,30.1734820322,2005
907,GUARDA,37122.0,25921.0,595.0,434.0,1192,CDS-PP,0,30.1734820322,2005
907,GUARDA,37122.0,25921.0,595.0,434.0,462,PCP-PEV,0,30.1734820322,2005
907,GUARDA,37122.0,25921.0,595.0,434.0,13722,PS,4,30.1734820322,2005
907,GUARDA,37122.0,25921.0,595.0,434.0,8840,PPD/PSD,3,30.1734820322,2005
907,GUARDA,37122.0,25921.0,595.0,434.0,155,PCTP/MRPP,0,30.1734820322,2005
908,MANTEIGAS,3917.0,2822.0,32.0,60.0,77,PCP-PEV,0,27.9550676538,2005
908,MANTEIGAS,3917.0,2822.0,32.0,60.0,1326,PS,2,27.9550676538,2005
908,MANTEIGAS,3917.0,2822.0,32.0,60.0,1327,PPD/PSD,3,27.9550676538,2005
909,MÊDA,6393.0,4355.0,74.0,129.0,1592,PS,2,31.8786172376,2005
909,MÊDA,6393.0,4355.0,74.0,129.0,2499,PPD/PSD,3,31.8786172376,2005
909,MÊDA,6393.0,4355.0,74.0,129.0,61,PCP-PEV,0,31.8786172376,2005
910,PINHEL,11077.0,6966.0,187.0,158.0,1353,PS,1,37.1129367157,2005
910,PINHEL,11077.0,6966.0,187.0,158.0,4727,PPD/PSD,6,37.1129367157,2005
910,PINHEL,11077.0,6966.0,187.0,158.0,200,PCP-PEV,0,37.1129367157,2005
910,PINHEL,11077.0,6966.0,187.0,158.0,341,CDS-PP,0,37.1129367157,2005
911,SABUGAL,15287.0,10168.0,250.0,254.0,1060,CDS-PP,0,33.4859684699,2005
911,SABUGAL,15287.0,10168.0,250.0,254.0,187,PCP-PEV,0,33.4859684699,2005
911,SABUGAL,15287.0,10168.0,250.0,254.0,4572,PPD/PSD,4,33.4859684699,2005
911,SABUGAL,15287.0,10168.0,250.0,254.0,3845,PS,3,33.4859684699,2005
912,SEIA,25733.0,16771.0,507.0,341.0,10502,PS,5,34.8268759958,2005
912,SEIA,25733.0,16771.0,507.0,341.0,4507,PPD/PSD,2,34.8268759958,2005
912,SEIA,25733.0,16771.0,507.0,341.0,914,PCP-PEV,0,34.8268759958,2005
913,TRANCOSO,10574.0,7282.0,126.0,180.0,2707,PS,3,31.1329676565,2005
913,TRANCOSO,10574.0,7282.0,126.0,180.0,86,PCP-PEV,0,31.1329676565,2005
913,TRANCOSO,10574.0,7282.0,126.0,180.0,4183,PPD/PSD,4,31.1329676565,2005
914,VILA NOVA DE FOZ CÔA,8610.0,6157.0,145.0,85.0,89,PCP-PEV,0,28.4901277584,2005
914,VILA NOVA DE FOZ CÔA,8610.0,6157.0,145.0,85.0,2905,PPD/PSD,2,28.4901277584,2005
914,VILA NOVA DE FOZ CÔA,8610.0,6157.0,145.0,85.0,2933,PS,3,28.4901277584,2005
1001,ALCOBAÇA,47201.0,28923.0,756.0,437.0,16185,PPD/PSD,5,38.7237558526,2005
1001,ALCOBAÇA,47201.0,28923.0,756.0,437.0,5031,PS,1,38.7237558526,2005
1001,ALCOBAÇA,47201.0,28923.0,756.0,437.0,985,B.E.,0,38.7237558526,2005
1001,ALCOBAÇA,47201.0,28923.0,756.0,437.0,835,CDS-PP,0,38.7237558526,2005
1001,ALCOBAÇA,47201.0,28923.0,756.0,437.0,4694,PCP-PEV,1,38.7237558526,2005
1002,ALVAIÁZERE,7399.0,4927.0,112.0,134.0,44,PCP-PEV,0,33.4099202595,2005
1002,ALVAIÁZERE,7399.0,4927.0,112.0,134.0,3074,PPD/PSD,4,33.4099202595,2005
1002,ALVAIÁZERE,7399.0,4927.0,112.0,134.0,1056,PS,1,33.4099202595,2005
1002,ALVAIÁZERE,7399.0,4927.0,112.0,134.0,507,CDS-PP,0,33.4099202595,2005
1003,ANSIÃO,12223.0,8267.0,157.0,110.0,172,PCP-PEV,0,32.3652131228,2005
1003,ANSIÃO,12223.0,8267.0,157.0,110.0,5525,PPD/PSD,5,32.3652131228,2005
1003,ANSIÃO,12223.0,8267.0,157.0,110.0,2303,PS,2,32.3652131228,2005
1004,BATALHA,12245.0,8016.0,228.0,159.0,124,PCP-PEV,0,34.5365455288,2005
1004,BATALHA,12245.0,8016.0,228.0,159.0,832,CDS-PP,0,34.5365455288,2005
1004,BATALHA,12245.0,8016.0,228.0,159.0,968,PS,1,34.5365455288,2005
1004,BATALHA,12245.0,8016.0,228.0,159.0,5705,PPD/PSD,6,34.5365455288,2005
1005,BOMBARRAL,11775.0,6958.0,130.0,114.0,590,CDS-PP,0,40.9087048832,2005
1005,BOMBARRAL,11775.0,6958.0,130.0,114.0,779,PCP-PEV,1,40.9087048832,2005
1005,BOMBARRAL,11775.0,6958.0,130.0,114.0,2859,PPD/PSD,3,40.9087048832,2005
1005,BOMBARRAL,11775.0,6958.0,130.0,114.0,2486,PS,3,40.9087048832,2005
1006,CALDAS DA RAINHA,39862.0,21083.0,584.0,243.0,11340,PPD/PSD,5,47.1100296021,2005
1006,CALDAS DA RAINHA,39862.0,21083.0,584.0,243.0,6292,PS,2,47.1100296021,2005
1006,CALDAS DA RAINHA,39862.0,21083.0,584.0,243.0,1029,PCP-PEV,0,47.1100296021,2005
1006,CALDAS DA RAINHA,39862.0,21083.0,584.0,243.0,645,B.E.,0,47.1100296021,2005
1006,CALDAS DA RAINHA,39862.0,21083.0,584.0,243.0,950,CDS-PP,0,47.1100296021,2005
1007,CASTANHEIRA DE PÊRA,3385.0,2565.0,53.0,48.0,25,PCP-PEV,0,24.2245199409,2005
1007,CASTANHEIRA DE PÊRA,3385.0,2565.0,53.0,48.0,1023,PPD/PSD,2,24.2245199409,2005
1007,CASTANHEIRA DE PÊRA,3385.0,2565.0,53.0,48.0,1416,PS,3,24.2245199409,2005
1008,FIGUEIRÓ DOS VINHOS,6545.0,4895.0,66.0,61.0,2172,PS,2,25.2100840336,2005
1008,FIGUEIRÓ DOS VINHOS,6545.0,4895.0,66.0,61.0,2542,PPD/PSD,3,25.2100840336,2005
1008,FIGUEIRÓ DOS VINHOS,6545.0,4895.0,66.0,61.0,54,PCP-PEV,0,25.2100840336,2005
1009,LEIRIA,99267.0,60069.0,1687.0,965.0,2052,B.E.,0,39.4874429569,2005
1009,LEIRIA,99267.0,60069.0,1687.0,965.0,5745,CDS-PP,1,39.4874429569,2005
1009,LEIRIA,99267.0,60069.0,1687.0,965.0,1549,PCP-PEV,0,39.4874429569,2005
1009,LEIRIA,99267.0,60069.0,1687.0,965.0,26241,PPD/PSD,4,39.4874429569,2005
1009,LEIRIA,99267.0,60069.0,1687.0,965.0,21830,PS,4,39.4874429569,2005
1010,MARINHA GRANDE,30417.0,16652.0,578.0,267.0,1929,PPD/PSD,1,45.254298583,2005
1010,MARINHA GRANDE,30417.0,16652.0,578.0,267.0,6092,PS,3,45.254298583,2005
1010,MARINHA GRANDE,30417.0,16652.0,578.0,267.0,6480,PCP-PEV,3,45.254298583,2005
1010,MARINHA GRANDE,30417.0,16652.0,578.0,267.0,294,CDS-PP,0,45.254298583,2005
1010,MARINHA GRANDE,30417.0,16652.0,578.0,267.0,1012,B.E.,0,45.254298583,2005
1011,NAZARÉ,13608.0,7954.0,224.0,149.0,3357,PPD/PSD,3,41.5490887713,2005
1011,NAZARÉ,13608.0,7954.0,224.0,149.0,1714,PS,2,41.5490887713,2005
1011,NAZARÉ,13608.0,7954.0,224.0,149.0,254,B.E.,0,41.5490887713,2005
1011,NAZARÉ,13608.0,7954.0,224.0,149.0,1889,V,2,41.5490887713,2005
1011,NAZARÉ,13608.0,7954.0,224.0,149.0,367,PCP-PEV,0,41.5490887713,2005
1012,ÓBIDOS,9974.0,6076.0,94.0,63.0,1425,PS,1,39.0816121917,2005
1012,ÓBIDOS,9974.0,6076.0,94.0,63.0,4233,PPD/PSD,4,39.0816121917,2005
1012,ÓBIDOS,9974.0,6076.0,94.0,63.0,90,CDS-PP,0,39.0816121917,2005
1012,ÓBIDOS,9974.0,6076.0,94.0,63.0,171,PCP-PEV,0,39.0816121917,2005
1013,PEDRÓGÃO GRANDE,3715.0,2758.0,45.0,54.0,1937,PPD/PSD,4,25.7604306864,2005
1013,PEDRÓGÃO GRANDE,3715.0,2758.0,45.0,54.0,527,PS,1,25.7604306864,2005
1013,PEDRÓGÃO GRANDE,3715.0,2758.0,45.0,54.0,166,I,0,25.7604306864,2005
1013,PEDRÓGÃO GRANDE,3715.0,2758.0,45.0,54.0,29,PCP-PEV,0,25.7604306864,2005
1014,PENICHE,22798.0,12240.0,238.0,137.0,227,CDS-PP,0,46.3110799193,2005
1014,PENICHE,22798.0,12240.0,238.0,137.0,4727,PCP-PEV,3,46.3110799193,2005
1014,PENICHE,22798.0,12240.0,238.0,137.0,3363,PPD/PSD,2,46.3110799193,2005
1014,PENICHE,22798.0,12240.0,238.0,137.0,3548,PS,2,46.3110799193,2005
1015,POMBAL,47081.0,26571.0,712.0,516.0,855,CDS-PP,0,43.5632208322,2005
1015,POMBAL,47081.0,26571.0,712.0,516.0,379,B.E.,0,43.5632208322,2005
1015,POMBAL,47081.0,26571.0,712.0,516.0,560,PCP-PEV,0,43.5632208322,2005
1015,POMBAL,47081.0,26571.0,712.0,516.0,16791,PPD/PSD,5,43.5632208322,2005
1015,POMBAL,47081.0,26571.0,712.0,516.0,6758,PS,2,43.5632208322,2005
1016,PORTO DE MÓS,19881.0,13523.0,352.0,243.0,6515,PS,4,31.980282682,2005
1016,PORTO DE MÓS,19881.0,13523.0,352.0,243.0,5625,PPD/PSD,3,31.980282682,2005
1016,PORTO DE MÓS,19881.0,13523.0,352.0,243.0,343,PCP-PEV,0,31.980282682,2005
1016,PORTO DE MÓS,19881.0,13523.0,352.0,243.0,445,CDS-PP,0,31.980282682,2005
1101,ALENQUER,31596.0,18556.0,463.0,244.0,3779,PCP-PEV,1,41.271046968,2005
1101,ALENQUER,31596.0,18556.0,463.0,244.0,6059,PPD/PSD.CDS-PP.PPM.MPT,3,41.271046968,2005
1101,ALENQUER,31596.0,18556.0,463.0,244.0,8011,PS,3,41.271046968,2005
1102,ARRUDA DOS VINHOS,8709.0,5383.0,93.0,57.0,75,CDS-PP,0,38.1903777701,2005
1102,ARRUDA DOS VINHOS,8709.0,5383.0,93.0,57.0,778,PCP-PEV,1,38.1903777701,2005
1102,ARRUDA DOS VINHOS,8709.0,5383.0,93.0,57.0,2984,PPD/PSD,3,38.1903777701,2005
1102,ARRUDA DOS VINHOS,8709.0,5383.0,93.0,57.0,1396,PS,1,38.1903777701,2005
1103,AZAMBUJA,16775.0,10403.0,275.0,162.0,5541,PS,4,37.9850968703,2005
1103,AZAMBUJA,16775.0,10403.0,275.0,162.0,2282,PPD/PSD,2,37.9850968703,2005
1103,AZAMBUJA,16775.0,10403.0,275.0,162.0,200,CDS-PP,0,37.9850968703,2005
1103,AZAMBUJA,16775.0,10403.0,275.0,162.0,1943,PCP-PEV,1,37.9850968703,2005
1104,CADAVAL,12212.0,7862.0,134.0,120.0,509,PCP-PEV,0,35.6207009499,2005
1104,CADAVAL,12212.0,7862.0,134.0,120.0,3588,PPD/PSD,4,35.6207009499,2005
1104,CADAVAL,12212.0,7862.0,134.0,120.0,179,CDS-PP,0,35.6207009499,2005
1104,CADAVAL,12212.0,7862.0,134.0,120.0,3332,PS,3,35.6207009499,2005
1105,CASCAIS,147648.0,67895.0,2520.0,1182.0,4172,B.E.,0,54.0156317729,2005
1105,CASCAIS,147648.0,67895.0,2520.0,1182.0,382,PNR,0,54.0156317729,2005
1105,CASCAIS,147648.0,67895.0,2520.0,1182.0,18548,PS,3,54.0156317729,2005
1105,CASCAIS,147648.0,67895.0,2520.0,1182.0,33830,PPD/PSD.CDS-PP,7,54.0156317729,2005
1105,CASCAIS,147648.0,67895.0,2520.0,1182.0,287,PPM,0,54.0156317729,2005
1105,CASCAIS,147648.0,67895.0,2520.0,1182.0,6326,PCP-PEV,1,54.0156317729,2005
1105,CASCAIS,147648.0,67895.0,2520.0,1182.0,648,PCTP/MRPP,0,54.0156317729,2005
1106,LISBOA,536450.0,279908.0,5902.0,3844.0,807,PNR,0,47.8221642278,2005
1106,LISBOA,536450.0,279908.0,5902.0,3844.0,503,PH,0,47.8221642278,2005
1106,LISBOA,536450.0,279908.0,5902.0,3844.0,2677,PCTP/MRPP,0,47.8221642278,2005
1106,LISBOA,536450.0,279908.0,5902.0,3844.0,119824,PPD/PSD,8,47.8221642278,2005
1106,LISBOA,536450.0,279908.0,5902.0,3844.0,22366,B.E.,1,47.8221642278,2005
1106,LISBOA,536450.0,279908.0,5902.0,3844.0,75020,PS,5,47.8221642278,2005
1106,LISBOA,536450.0,279908.0,5902.0,3844.0,16721,CDS-PP,1,47.8221642278,2005
1106,LISBOA,536450.0,279908.0,5902.0,3844.0,32244,PCP-PEV,2,47.8221642278,2005
1107,LOURES,159802.0,87876.0,2729.0,1558.0,14602,PPD/PSD,2,45.0094491934,2005
1107,LOURES,159802.0,87876.0,2729.0,1558.0,34933,PS,5,45.0094491934,2005
1107,LOURES,159802.0,87876.0,2729.0,1558.0,4414,B.E.,0,45.0094491934,2005
1107,LOURES,159802.0,87876.0,2729.0,1558.0,26214,PCP-PEV,4,45.0094491934,2005
1107,LOURES,159802.0,87876.0,2729.0,1558.0,1454,CDS-PP,0,45.0094491934,2005
1107,LOURES,159802.0,87876.0,2729.0,1558.0,345,PNR,0,45.0094491934,2005
1107,LOURES,159802.0,87876.0,2729.0,1558.0,1627,PCTP/MRPP,0,45.0094491934,2005
1108,LOURINHÃ,20272.0,13073.0,257.0,170.0,7167,PS,4,35.5120363062,2005
1108,LOURINHÃ,20272.0,13073.0,257.0,170.0,320,PCP-PEV,0,35.5120363062,2005
1108,LOURINHÃ,20272.0,13073.0,257.0,170.0,5159,PPD/PSD.CDS-PP,3,35.5120363062,2005
1109,MAFRA,43352.0,25239.0,615.0,346.0,129,PPM,0,41.7812326998,2005
1109,MAFRA,43352.0,25239.0,615.0,346.0,608,CDS-PP,0,41.7812326998,2005
1109,MAFRA,43352.0,25239.0,615.0,346.0,1754,PCP-PEV,0,41.7812326998,2005
1109,MAFRA,43352.0,25239.0,615.0,346.0,107,PNR,0,41.7812326998,2005
1109,MAFRA,43352.0,25239.0,615.0,346.0,14536,PPD/PSD,5,41.7812326998,2005
1109,MAFRA,43352.0,25239.0,615.0,346.0,7144,PS,2,41.7812326998,2005
1110,OEIRAS,137695.0,76319.0,1709.0,814.0,189,MPT,0,44.5738770471,2005
1110,OEIRAS,137695.0,76319.0,1709.0,814.0,3649,B.E.,0,44.5738770471,2005
1110,OEIRAS,137695.0,76319.0,1709.0,814.0,1149,CDS-PP,0,44.5738770471,2005
1110,OEIRAS,137695.0,76319.0,1709.0,814.0,26577,II,4,44.5738770471,2005
1110,OEIRAS,137695.0,76319.0,1709.0,814.0,206,PCTP/MRPP,0,44.5738770471,2005
1110,OEIRAS,137695.0,76319.0,1709.0,814.0,23699,PPD/PSD,4,44.5738770471,2005
1110,OEIRAS,137695.0,76319.0,1709.0,814.0,137,PPM,0,44.5738770471,2005
1110,OEIRAS,137695.0,76319.0,1709.0,814.0,12051,PS,2,44.5738770471,2005
1110,OEIRAS,137695.0,76319.0,1709.0,814.0,6139,PCP-PEV,1,44.5738770471,2005
1111,SINTRA,265939.0,134234.0,3089.0,1764.0,16858,PCP-PEV,1,49.5245150204,2005
1111,SINTRA,265939.0,134234.0,3089.0,1764.0,42195,PS,4,49.5245150204,2005
1111,SINTRA,265939.0,134234.0,3089.0,1764.0,59307,PPD/PSD.CDS-PP.PPM.MPT,6,49.5245150204,2005
1111,SINTRA,265939.0,134234.0,3089.0,1764.0,707,PH,0,49.5245150204,2005
1111,SINTRA,265939.0,134234.0,3089.0,1764.0,8909,B.E.,0,49.5245150204,2005
1111,SINTRA,265939.0,134234.0,3089.0,1764.0,1405,PCTP/MRPP,0,49.5245150204,2005
1112,SOBRAL DE MONTE AGRAÇO,7129.0,4215.0,127.0,66.0,1024,PS,1,40.8752980783,2005
1112,SOBRAL DE MONTE AGRAÇO,7129.0,4215.0,127.0,66.0,676,PPD/PSD.CDS-PP.PPM,1,40.8752980783,2005
1112,SOBRAL DE MONTE AGRAÇO,7129.0,4215.0,127.0,66.0,2322,PCP-PEV,3,40.8752980783,2005
1113,TORRES VEDRAS,60305.0,36068.0,722.0,449.0,742,CDS-PP,0,40.1906972888,2005
1113,TORRES VEDRAS,60305.0,36068.0,722.0,449.0,17919,PS,5,40.1906972888,2005
1113,TORRES VEDRAS,60305.0,36068.0,722.0,449.0,3274,PCP-PEV,1,40.1906972888,2005
1113,TORRES VEDRAS,60305.0,36068.0,722.0,449.0,12962,PPD/PSD,3,40.1906972888,2005
1114,VILA FRANCA DE XIRA,99302.0,50348.0,1204.0,601.0,3339,B.E.,0,49.2981007432,2005
1114,VILA FRANCA DE XIRA,99302.0,50348.0,1204.0,601.0,23830,PS,5,49.2981007432,2005
1114,VILA FRANCA DE XIRA,99302.0,50348.0,1204.0,601.0,8421,PPD/PSD.CDS-PP,1,49.2981007432,2005
1114,VILA FRANCA DE XIRA,99302.0,50348.0,1204.0,601.0,12953,PCP-PEV,3,49.2981007432,2005
1115,AMADORA,144138.0,68004.0,1821.0,1073.0,29649,PS,6,52.8202139616,2005
1115,AMADORA,144138.0,68004.0,1821.0,1073.0,15644,PPD/PSD.CDS-PP.PPM,3,52.8202139616,2005
1115,AMADORA,144138.0,68004.0,1821.0,1073.0,397,PH,0,52.8202139616,2005
1115,AMADORA,144138.0,68004.0,1821.0,1073.0,1321,PCTP/MRPP,0,52.8202139616,2005
1115,AMADORA,144138.0,68004.0,1821.0,1073.0,13300,PCP-PEV,2,52.8202139616,2005
1115,AMADORA,144138.0,68004.0,1821.0,1073.0,4799,B.E.,0,52.8202139616,2005
1116,ODIVELAS,111036.0,58062.0,1484.0,947.0,15924,PPD/PSD,3,47.7088511834,2005
1116,ODIVELAS,111036.0,58062.0,1484.0,947.0,18350,PS,4,47.7088511834,2005
1116,ODIVELAS,111036.0,58062.0,1484.0,947.0,245,PH,0,47.7088511834,2005
1116,ODIVELAS,111036.0,58062.0,1484.0,947.0,16368,PCP-PEV,4,47.7088511834,2005
1116,ODIVELAS,111036.0,58062.0,1484.0,947.0,1203,CDS-PP,0,47.7088511834,2005
1116,ODIVELAS,111036.0,58062.0,1484.0,947.0,3541,B.E.,0,47.7088511834,2005
1201,ALTER DO CHÃO,3394.0,2466.0,57.0,70.0,376,PCP-PEV,1,27.3423688863,2005
1201,ALTER DO CHÃO,3394.0,2466.0,57.0,70.0,509,XII,1,27.3423688863,2005
1201,ALTER DO CHÃO,3394.0,2466.0,57.0,70.0,733,PPD/PSD.CDS-PP,2,27.3423688863,2005
1201,ALTER DO CHÃO,3394.0,2466.0,57.0,70.0,721,PS,1,27.3423688863,2005
1202,ARRONCHES,2919.0,2202.0,38.0,24.0,229,PCP-PEV,0,24.5632065776,2005
1202,ARRONCHES,2919.0,2202.0,38.0,24.0,1018,PS,3,24.5632065776,2005
1202,ARRONCHES,2919.0,2202.0,38.0,24.0,893,PPD/PSD.CDS-PP.PPM,2,24.5632065776,2005
1203,AVIS,4236.0,3166.0,65.0,47.0,843,PS,1,25.2596789424,2005
1203,AVIS,4236.0,3166.0,65.0,47.0,390,PPD/PSD,0,25.2596789424,2005
1203,AVIS,4236.0,3166.0,65.0,47.0,1821,PCP-PEV,4,25.2596789424,2005
1204,CAMPO MAIOR,7059.0,5452.0,111.0,83.0,2442,PS,3,22.7652642017,2005
1204,CAMPO MAIOR,7059.0,5452.0,111.0,83.0,489,PCP-PEV,0,22.7652642017,2005
1204,CAMPO MAIOR,7059.0,5452.0,111.0,83.0,1920,X,2,22.7652642017,2005
1204,CAMPO MAIOR,7059.0,5452.0,111.0,83.0,407,PPD/PSD.CDS-PP.PPM,0,22.7652642017,2005
1205,CASTELO DE VIDE,3221.0,2501.0,66.0,28.0,158,PCP-PEV,0,22.3533064266,2005
1205,CASTELO DE VIDE,3221.0,2501.0,66.0,28.0,1371,PPD/PSD,3,22.3533064266,2005
1205,CASTELO DE VIDE,3221.0,2501.0,66.0,28.0,42,CDS-PP,0,22.3533064266,2005
1205,CASTELO DE VIDE,3221.0,2501.0,66.0,28.0,836,PS,2,22.3533064266,2005
1206,CRATO,3760.0,3039.0,56.0,72.0,1374,PS,3,19.1755319149,2005
1206,CRATO,3760.0,3039.0,56.0,72.0,236,PPD/PSD,0,19.1755319149,2005
1206,CRATO,3760.0,3039.0,56.0,72.0,1301,PCP-PEV,2,19.1755319149,2005
1207,ELVAS,19679.0,11149.0,354.0,186.0,60,PPM,0,43.3456984603,2005
1207,ELVAS,19679.0,11149.0,354.0,186.0,2429,PPD/PSD.CDS-PP,1,43.3456984603,2005
1207,ELVAS,19679.0,11149.0,354.0,186.0,219,PH,0,43.3456984603,2005
1207,ELVAS,19679.0,11149.0,354.0,186.0,581,PCP-PEV,0,43.3456984603,2005
1207,ELVAS,19679.0,11149.0,354.0,186.0,7320,PS,6,43.3456984603,2005
1208,FRONTEIRA,3413.0,2449.0,44.0,45.0,267,PCP-PEV,0,28.2449457955,2005
1208,FRONTEIRA,3413.0,2449.0,44.0,45.0,1587,PPD/PSD,4,28.2449457955,2005
1208,FRONTEIRA,3413.0,2449.0,44.0,45.0,506,PS,1,28.2449457955,2005
1209,GAVIÃO,4409.0,3080.0,92.0,51.0,1962,PS,4,30.1428895441,2005
1209,GAVIÃO,4409.0,3080.0,92.0,51.0,344,PCP-PEV,0,30.1428895441,2005
1209,GAVIÃO,4409.0,3080.0,92.0,51.0,631,PPD/PSD,1,30.1428895441,2005
1210,MARVÃO,3572.0,2728.0,52.0,50.0,153,CDS-PP,0,23.6282194849,2005
1210,MARVÃO,3572.0,2728.0,52.0,50.0,1526,PPD/PSD,3,23.6282194849,2005
1210,MARVÃO,3572.0,2728.0,52.0,50.0,907,PS,2,23.6282194849,2005
1210,MARVÃO,3572.0,2728.0,52.0,50.0,40,PCP-PEV,0,23.6282194849,2005
1211,MONFORTE,2942.0,2307.0,37.0,17.0,1049,PCP-PEV,3,21.5839564922,2005
1211,MONFORTE,2942.0,2307.0,37.0,17.0,182,PPD/PSD,0,21.5839564922,2005
1211,MONFORTE,2942.0,2307.0,37.0,17.0,1022,PS,2,21.5839564922,2005
1212,NISA,7634.0,5407.0,119.0,140.0,188,CDS-PP,0,29.1721247053,2005
1212,NISA,7634.0,5407.0,119.0,140.0,2390,PCP-PEV,3,29.1721247053,2005
1212,NISA,7634.0,5407.0,119.0,140.0,1307,PPD/PSD,1,29.1721247053,2005
1212,NISA,7634.0,5407.0,119.0,140.0,1263,PS,1,29.1721247053,2005
1213,PONTE DE SOR,15387.0,9796.0,224.0,126.0,157,CDS-PP,0,36.3358679405,2005
1213,PONTE DE SOR,15387.0,9796.0,224.0,126.0,2496,PCP-PEV,2,36.3358679405,2005
1213,PONTE DE SOR,15387.0,9796.0,224.0,126.0,1438,PPD/PSD,1,36.3358679405,2005
1213,PONTE DE SOR,15387.0,9796.0,224.0,126.0,5355,PS,4,36.3358679405,2005
1214,PORTALEGRE,22174.0,14508.0,293.0,126.0,282,CDS-PP,0,34.5720212862,2005
1214,PORTALEGRE,22174.0,14508.0,293.0,126.0,1516,PCP-PEV,0,34.5720212862,2005
1214,PORTALEGRE,22174.0,14508.0,293.0,126.0,9379,PPD/PSD,6,34.5720212862,2005
1214,PORTALEGRE,22174.0,14508.0,293.0,126.0,2737,PS,1,34.5720212862,2005
1214,PORTALEGRE,22174.0,14508.0,293.0,126.0,175,B.E.,0,34.5720212862,2005
1215,SOUSEL,4879.0,3781.0,66.0,59.0,789,XVIII,1,22.5046116007,2005
1215,SOUSEL,4879.0,3781.0,66.0,59.0,650,PCP-PEV,1,22.5046116007,2005
1215,SOUSEL,4879.0,3781.0,66.0,59.0,960,PS,1,22.5046116007,2005
1215,SOUSEL,4879.0,3781.0,66.0,59.0,131,XX,0,22.5046116007,2005
1215,SOUSEL,4879.0,3781.0,66.0,59.0,1126,PPD/PSD,2,22.5046116007,2005
1301,AMARANTE,50272.0,36096.0,729.0,406.0,428,B.E.,0,28.1985996181,2005
1301,AMARANTE,50272.0,36096.0,729.0,406.0,451,PCP-PEV,0,28.1985996181,2005
1301,AMARANTE,50272.0,36096.0,729.0,406.0,9881,IV,2,28.1985996181,2005
1301,AMARANTE,50272.0,36096.0,729.0,406.0,9187,PPD/PSD,2,28.1985996181,2005
1301,AMARANTE,50272.0,36096.0,729.0,406.0,15014,PS,3,28.1985996181,2005
1302,BAIÃO,18824.0,14762.0,123.0,221.0,7485,PS,4,21.5788355291,2005
1302,BAIÃO,18824.0,14762.0,123.0,221.0,6665,PPD/PSD,3,21.5788355291,2005
1302,BAIÃO,18824.0,14762.0,123.0,221.0,140,CDS-PP,0,21.5788355291,2005
1302,BAIÃO,18824.0,14762.0,123.0,221.0,128,PCP-PEV,0,21.5788355291,2005
1303,FELGUEIRAS,45462.0,34727.0,379.0,411.0,5425,PS,1,23.6131274471,2005
1303,FELGUEIRAS,45462.0,34727.0,379.0,411.0,16756,XVII,4,23.6131274471,2005
1303,FELGUEIRAS,45462.0,34727.0,379.0,411.0,10241,PPD/PSD,2,23.6131274471,2005
1303,FELGUEIRAS,45462.0,34727.0,379.0,411.0,508,PCP-PEV,0,23.6131274471,2005
1303,FELGUEIRAS,45462.0,34727.0,379.0,411.0,651,CDS-PP,0,23.6131274471,2005
1303,FELGUEIRAS,45462.0,34727.0,379.0,411.0,356,B.E.,0,23.6131274471,2005
1304,GONDOMAR,132948.0,83103.0,1797.0,1176.0,15831,PS,2,37.4921021753,2005
1304,GONDOMAR,132948.0,83103.0,1797.0,1176.0,2857,B.E.,0,37.4921021753,2005
1304,GONDOMAR,132948.0,83103.0,1797.0,1176.0,48828,II,8,37.4921021753,2005
1304,GONDOMAR,132948.0,83103.0,1797.0,1176.0,277,MPT,0,37.4921021753,2005
1304,GONDOMAR,132948.0,83103.0,1797.0,1176.0,6012,PCP-PEV,0,37.4921021753,2005
1304,GONDOMAR,132948.0,83103.0,1797.0,1176.0,193,PH,0,37.4921021753,2005
1304,GONDOMAR,132948.0,83103.0,1797.0,1176.0,6132,PPD/PSD.CDS-PP,1,37.4921021753,2005
1305,LOUSADA,33319.0,25281.0,261.0,308.0,8217,PPD/PSD.CDS-PP,2,24.1243734806,2005
1305,LOUSADA,33319.0,25281.0,261.0,308.0,15740,PS,5,24.1243734806,2005
1305,LOUSADA,33319.0,25281.0,261.0,308.0,755,PCP-PEV,0,24.1243734806,2005
1306,MAIA,96353.0,59276.0,2130.0,949.0,782,PH,0,38.4803794381,2005
1306,MAIA,96353.0,59276.0,2130.0,949.0,31447,PPD/PSD.CDS-PP,6,38.4803794381,2005
1306,MAIA,96353.0,59276.0,2130.0,949.0,3373,PCP-PEV,0,38.4803794381,2005
1306,MAIA,96353.0,59276.0,2130.0,949.0,3205,B.E.,0,38.4803794381,2005
1306,MAIA,96353.0,59276.0,2130.0,949.0,17390,PS,3,38.4803794381,2005
1307,MARCO DE CANAVESES,41226.0,30366.0,388.0,550.0,5356,PS,1,26.3425993305,2005
1307,MARCO DE CANAVESES,41226.0,30366.0,388.0,550.0,14036,PPD/PSD,4,26.3425993305,2005
1307,MARCO DE CANAVESES,41226.0,30366.0,388.0,550.0,906,PCP-PEV,0,26.3425993305,2005
1307,MARCO DE CANAVESES,41226.0,30366.0,388.0,550.0,9130,CDS-PP,2,26.3425993305,2005
1308,MATOSINHOS,135034.0,74509.0,2052.0,885.0,35900,PS,6,44.8220448183,2005
1308,MATOSINHOS,135034.0,74509.0,2052.0,885.0,444,PH,0,44.8220448183,2005
1308,MATOSINHOS,135034.0,74509.0,2052.0,885.0,23376,PPD/PSD.CDS-PP,4,44.8220448183,2005
1308,MATOSINHOS,135034.0,74509.0,2052.0,885.0,6536,PCP-PEV,1,44.8220448183,2005
1308,MATOSINHOS,135034.0,74509.0,2052.0,885.0,5316,B.E.,0,44.8220448183,2005
1309,PAÇOS DE FERREIRA,40147.0,27126.0,392.0,226.0,1513,CDS-PP,0,32.4333075946,2005
1309,PAÇOS DE FERREIRA,40147.0,27126.0,392.0,226.0,755,PCP-PEV,0,32.4333075946,2005
1309,PAÇOS DE FERREIRA,40147.0,27126.0,392.0,226.0,16110,PPD/PSD,5,32.4333075946,2005
1309,PAÇOS DE FERREIRA,40147.0,27126.0,392.0,226.0,8130,PS,2,32.4333075946,2005
1310,PAREDES,65110.0,46347.0,749.0,511.0,14258,PS,3,28.8173859622,2005
1310,PAREDES,65110.0,46347.0,749.0,511.0,23850,PPD/PSD,5,28.8173859622,2005
1310,PAREDES,65110.0,46347.0,749.0,511.0,2041,PCP-PEV,0,28.8173859622,2005
1310,PAREDES,65110.0,46347.0,749.0,511.0,4033,CDS-PP,1,28.8173859622,2005
1310,PAREDES,65110.0,46347.0,749.0,511.0,905,B.E.,0,28.8173859622,2005
1311,PENAFIEL,56655.0,44419.0,458.0,682.0,606,B.E.,0,21.5973876975,2005
1311,PENAFIEL,56655.0,44419.0,458.0,682.0,1678,PCP-PEV,0,21.5973876975,2005
1311,PENAFIEL,56655.0,44419.0,458.0,682.0,27617,PPD/PSD.CDS-PP,6,21.5973876975,2005
1311,PENAFIEL,56655.0,44419.0,458.0,682.0,13378,PS,3,21.5973876975,2005
1312,PORTO,234749.0,138246.0,3561.0,1725.0,63443,PPD/PSD.CDS-PP,7,41.1090143089,2005
1312,PORTO,234749.0,138246.0,3561.0,1725.0,771,PCTP/MRPP,0,41.1090143089,2005
1312,PORTO,234749.0,138246.0,3561.0,1725.0,5797,B.E.,0,41.1090143089,2005
1312,PORTO,234749.0,138246.0,3561.0,1725.0,12311,PCP-PEV,1,41.1090143089,2005
1312,PORTO,234749.0,138246.0,3561.0,1725.0,199,PH,0,41.1090143089,2005
1312,PORTO,234749.0,138246.0,3561.0,1725.0,439,PND.PPM.,0,41.1090143089,2005
1312,PORTO,234749.0,138246.0,3561.0,1725.0,118,PNR,0,41.1090143089,2005
1312,PORTO,234749.0,138246.0,3561.0,1725.0,49653,PS,5,41.1090143089,2005
1312,PORTO,234749.0,138246.0,3561.0,1725.0,229,MPT,0,41.1090143089,2005
1313,PÓVOA DE VARZIM,52244.0,30757.0,524.0,385.0,764,B.E.,0,41.1281678279,2005
1313,PÓVOA DE VARZIM,52244.0,30757.0,524.0,385.0,2278,CDS-PP,0,41.1281678279,2005
1313,PÓVOA DE VARZIM,52244.0,30757.0,524.0,385.0,1208,PCP-PEV,0,41.1281678279,2005
1313,PÓVOA DE VARZIM,52244.0,30757.0,524.0,385.0,16778,PPD/PSD,6,41.1281678279,2005
1313,PÓVOA DE VARZIM,52244.0,30757.0,524.0,385.0,8820,PS,3,41.1281678279,2005
1314,SANTO TIRSO,61238.0,43250.0,710.0,386.0,1799,PCP-PEV,0,29.3739181554,2005
1314,SANTO TIRSO,61238.0,43250.0,710.0,386.0,21141,PS,5,29.3739181554,2005
1314,SANTO TIRSO,61238.0,43250.0,710.0,386.0,18495,PPD/PSD,4,29.3739181554,2005
1314,SANTO TIRSO,61238.0,43250.0,710.0,386.0,719,CDS-PP,0,29.3739181554,2005
1315,VALONGO,70477.0,43002.0,991.0,677.0,17631,PS,4,38.9843495041,2005
1315,VALONGO,70477.0,43002.0,991.0,677.0,2857,PCP-PEV,0,38.9843495041,2005
1315,VALONGO,70477.0,43002.0,991.0,677.0,19171,PPD/PSD,5,38.9843495041,2005
1315,VALONGO,70477.0,43002.0,991.0,677.0,1675,B.E.,0,38.9843495041,2005
1316,VILA DO CONDE,60721.0,42383.0,689.0,344.0,932,B.E.,0,30.2004248942,2005
1316,VILA DO CONDE,60721.0,42383.0,689.0,344.0,1292,PCP-PEV,0,30.2004248942,2005
1316,VILA DO CONDE,60721.0,42383.0,689.0,344.0,16182,PPD/PSD.CDS-PP,4,30.2004248942,2005
1316,VILA DO CONDE,60721.0,42383.0,689.0,344.0,22944,PS,5,30.2004248942,2005
1317,VILA NOVA DE GAIA,233564.0,140471.0,2548.0,1701.0,599,PH,0,39.8575979175,2005
1317,VILA NOVA DE GAIA,233564.0,140471.0,2548.0,1701.0,77971,PPD/PSD.CDS-PP,7,39.8575979175,2005
1317,VILA NOVA DE GAIA,233564.0,140471.0,2548.0,1701.0,39657,PS,3,39.8575979175,2005
1317,VILA NOVA DE GAIA,233564.0,140471.0,2548.0,1701.0,887,MPT,0,39.8575979175,2005
1317,VILA NOVA DE GAIA,233564.0,140471.0,2548.0,1701.0,11781,PCP-PEV,1,39.8575979175,2005
1317,VILA NOVA DE GAIA,233564.0,140471.0,2548.0,1701.0,5327,B.E.,0,39.8575979175,2005
1318,TROFA,30533.0,21924.0,329.0,300.0,68,PPM,0,28.1957226607,2005
1318,TROFA,30533.0,21924.0,329.0,300.0,788,PCP-PEV,0,28.1957226607,2005
1318,TROFA,30533.0,21924.0,329.0,300.0,1518,CDS-PP,0,28.1957226607,2005
1318,TROFA,30533.0,21924.0,329.0,300.0,8207,PS,3,28.1957226607,2005
1318,TROFA,30533.0,21924.0,329.0,300.0,10714,PPD/PSD,4,28.1957226607,2005
1401,ABRANTES,37417.0,22700.0,695.0,362.0,1220,B.E.,0,39.332389021,2005
1401,ABRANTES,37417.0,22700.0,695.0,362.0,640,CDS-PP,0,39.332389021,2005
1401,ABRANTES,37417.0,22700.0,695.0,362.0,1989,PCP-PEV,0,39.332389021,2005
1401,ABRANTES,37417.0,22700.0,695.0,362.0,6668,PPD/PSD,2,39.332389021,2005
1401,ABRANTES,37417.0,22700.0,695.0,362.0,11126,PS,5,39.332389021,2005
1402,ALCANENA,12480.0,8557.0,162.0,123.0,703,PCP-PEV,0,31.4342948718,2005
1402,ALCANENA,12480.0,8557.0,162.0,123.0,353,CDS-PP,0,31.4342948718,2005
1402,ALCANENA,12480.0,8557.0,162.0,123.0,2359,PS,2,31.4342948718,2005
1402,ALCANENA,12480.0,8557.0,162.0,123.0,1570,PPD/PSD,1,31.4342948718,2005
1402,ALCANENA,12480.0,8557.0,162.0,123.0,3287,I,4,31.4342948718,2005
1403,ALMEIRIM,18716.0,9555.0,234.0,134.0,5313,PS,5,48.9474246634,2005
1403,ALMEIRIM,18716.0,9555.0,234.0,134.0,625,CDS-PP,0,48.9474246634,2005
1403,ALMEIRIM,18716.0,9555.0,234.0,134.0,1180,PPD/PSD,1,48.9474246634,2005
1403,ALMEIRIM,18716.0,9555.0,234.0,134.0,2069,PCP-PEV,1,48.9474246634,2005
1404,ALPIARÇA,6420.0,4359.0,98.0,79.0,2024,PS,3,32.1028037383,2005
1404,ALPIARÇA,6420.0,4359.0,98.0,79.0,537,PPD/PSD,0,32.1028037383,2005
1404,ALPIARÇA,6420.0,4359.0,98.0,79.0,1562,PCP-PEV,2,32.1028037383,2005
1404,ALPIARÇA,6420.0,4359.0,98.0,79.0,59,CDS-PP,0,32.1028037383,2005
1405,BENAVENTE,18779.0,9222.0,276.0,112.0,2037,PS,1,50.8919537782,2005
1405,BENAVENTE,18779.0,9222.0,276.0,112.0,1461,PPD/PSD.CDS-PP,1,50.8919537782,2005
1405,BENAVENTE,18779.0,9222.0,276.0,112.0,5336,PCP-PEV,5,50.8919537782,2005
1406,CARTAXO,19602.0,11350.0,314.0,170.0,2666,PPD/PSD,2,42.097745128,2005
1406,CARTAXO,19602.0,11350.0,314.0,170.0,138,CDS-PP,0,42.097745128,2005
1406,CARTAXO,19602.0,11350.0,314.0,170.0,6333,PS,4,42.097745128,2005
1406,CARTAXO,19602.0,11350.0,314.0,170.0,423,B.E.,0,42.097745128,2005
1406,CARTAXO,19602.0,11350.0,314.0,170.0,1306,PCP-PEV,1,42.097745128,2005
1407,CHAMUSCA,9798.0,6098.0,125.0,120.0,1423,PS,1,37.7628087365,2005
1407,CHAMUSCA,9798.0,6098.0,125.0,120.0,903,PPD/PSD.CDS-PP,1,37.7628087365,2005
1407,CHAMUSCA,9798.0,6098.0,125.0,120.0,3527,PCP-PEV,3,37.7628087365,2005
1408,CONSTÂNCIA,3391.0,2537.0,47.0,67.0,144,PPD/PSD.CDS-PP,0,25.1843114126,2005
1408,CONSTÂNCIA,3391.0,2537.0,47.0,67.0,658,PS,1,25.1843114126,2005
1408,CONSTÂNCIA,3391.0,2537.0,47.0,67.0,1621,PCP-PEV,4,25.1843114126,2005
1409,CORUCHE,19178.0,11277.0,255.0,141.0,4369,PCP-PEV,3,41.1982479925,2005
1409,CORUCHE,19178.0,11277.0,255.0,141.0,5129,PS,4,41.1982479925,2005
1409,CORUCHE,19178.0,11277.0,255.0,141.0,1190,PPD/PSD,0,41.1982479925,2005
1409,CORUCHE,19178.0,11277.0,255.0,141.0,193,CDS-PP,0,41.1982479925,2005
1410,ENTRONCAMENTO,15772.0,9482.0,209.0,93.0,1136,B.E.,1,39.8808014202,2005
1410,ENTRONCAMENTO,15772.0,9482.0,209.0,93.0,144,CDS-PP,0,39.8808014202,2005
1410,ENTRONCAMENTO,15772.0,9482.0,209.0,93.0,699,PCP-PEV,0,39.8808014202,2005
1410,ENTRONCAMENTO,15772.0,9482.0,209.0,93.0,4747,PPD/PSD,4,39.8808014202,2005
1410,ENTRONCAMENTO,15772.0,9482.0,209.0,93.0,2454,PS,2,39.8808014202,2005
1411,FERREIRA DO ZÊZERE,8115.0,5709.0,144.0,120.0,100,PCP-PEV,0,29.6487985213,2005
1411,FERREIRA DO ZÊZERE,8115.0,5709.0,144.0,120.0,115,CDS-PP,0,29.6487985213,2005
1411,FERREIRA DO ZÊZERE,8115.0,5709.0,144.0,120.0,2941,PPD/PSD,3,29.6487985213,2005
1411,FERREIRA DO ZÊZERE,8115.0,5709.0,144.0,120.0,2289,PS,2,29.6487985213,2005
1412,GOLEGÃ,4766.0,3171.0,70.0,27.0,523,PPD/PSD,1,33.4662190516,2005
1412,GOLEGÃ,4766.0,3171.0,70.0,27.0,2168,PS,4,33.4662190516,2005
1412,GOLEGÃ,4766.0,3171.0,70.0,27.0,383,PCP-PEV,0,33.4662190516,2005
1413,MAÇÃO,7950.0,6113.0,168.0,116.0,144,PCP-PEV,0,23.106918239,2005
1413,MAÇÃO,7950.0,6113.0,168.0,116.0,3316,PPD/PSD,3,23.106918239,2005
1413,MAÇÃO,7950.0,6113.0,168.0,116.0,2369,PS,2,23.106918239,2005
1414,RIO MAIOR,17874.0,11277.0,327.0,222.0,5529,PS,4,36.9083585096,2005
1414,RIO MAIOR,17874.0,11277.0,327.0,222.0,3726,PPD/PSD,3,36.9083585096,2005
1414,RIO MAIOR,17874.0,11277.0,327.0,222.0,626,PCP-PEV,0,36.9083585096,2005
1414,RIO MAIOR,17874.0,11277.0,327.0,222.0,847,CDS-PP,0,36.9083585096,2005
1415,SALVATERRA DE MAGOS,16984.0,9456.0,199.0,250.0,4699,B.E.,4,44.3240697127,2005
1415,SALVATERRA DE MAGOS,16984.0,9456.0,199.0,250.0,392,CDS-PP,0,44.3240697127,2005
1415,SALVATERRA DE MAGOS,16984.0,9456.0,199.0,250.0,1179,PCP-PEV,1,44.3240697127,2005
1415,SALVATERRA DE MAGOS,16984.0,9456.0,199.0,250.0,1476,PPD/PSD,1,44.3240697127,2005
1415,SALVATERRA DE MAGOS,16984.0,9456.0,199.0,250.0,1261,PS,1,44.3240697127,2005
1416,SANTARÉM,52829.0,33795.0,1018.0,431.0,12712,PS,4,36.0294535198,2005
1416,SANTARÉM,52829.0,33795.0,1018.0,431.0,13914,PPD/PSD,4,36.0294535198,2005
1416,SANTARÉM,52829.0,33795.0,1018.0,431.0,4095,PCP-PEV,1,36.0294535198,2005
1416,SANTARÉM,52829.0,33795.0,1018.0,431.0,776,CDS-PP,0,36.0294535198,2005
1416,SANTARÉM,52829.0,33795.0,1018.0,431.0,849,B.E.,0,36.0294535198,2005
1417,SARDOAL,3732.0,2948.0,73.0,43.0,65,CDS-PP,0,21.0075026795,2005
1417,SARDOAL,3732.0,2948.0,73.0,43.0,981,PS,2,21.0075026795,2005
1417,SARDOAL,3732.0,2948.0,73.0,43.0,57,PCP-PEV,0,21.0075026795,2005
1417,SARDOAL,3732.0,2948.0,73.0,43.0,1729,PPD/PSD,3,21.0075026795,2005
1418,TOMAR,38518.0,23075.0,579.0,432.0,672,B.E.,0,40.0929435589,2005
1418,TOMAR,38518.0,23075.0,579.0,432.0,767,CDS-PP,0,40.0929435589,2005
1418,TOMAR,38518.0,23075.0,579.0,432.0,4236,PS,1,40.0929435589,2005
1418,TOMAR,38518.0,23075.0,579.0,432.0,4948,I,2,40.0929435589,2005
1418,TOMAR,38518.0,23075.0,579.0,432.0,1446,PCP-PEV,0,40.0929435589,2005
1418,TOMAR,38518.0,23075.0,579.0,432.0,9995,PPD/PSD,4,40.0929435589,2005
1419,TORRES NOVAS,31584.0,19778.0,630.0,309.0,10472,PS,5,37.3796859169,2005
1419,TORRES NOVAS,31584.0,19778.0,630.0,309.0,887,B.E.,0,37.3796859169,2005
1419,TORRES NOVAS,31584.0,19778.0,630.0,309.0,317,CDS-PP,0,37.3796859169,2005
1419,TORRES NOVAS,31584.0,19778.0,630.0,309.0,3020,PCP-PEV,1,37.3796859169,2005
1419,TORRES NOVAS,31584.0,19778.0,630.0,309.0,4143,PPD/PSD,1,37.3796859169,2005
1420,VILA NOVA DA BARQUINHA,6533.0,3983.0,96.0,67.0,2301,PS,4,39.0326037043,2005
1420,VILA NOVA DA BARQUINHA,6533.0,3983.0,96.0,67.0,994,PPD/PSD,1,39.0326037043,2005
1420,VILA NOVA DA BARQUINHA,6533.0,3983.0,96.0,67.0,434,PCP-PEV,0,39.0326037043,2005
1420,VILA NOVA DA BARQUINHA,6533.0,3983.0,96.0,67.0,91,CDS-PP,0,39.0326037043,2005
1421,OURÉM,37811.0,22780.0,455.0,359.0,7883,PS,3,39.7529819365,2005
1421,OURÉM,37811.0,22780.0,455.0,359.0,1847,CDS-PP,0,39.7529819365,2005
1421,OURÉM,37811.0,22780.0,455.0,359.0,624,PCP-PEV,0,39.7529819365,2005
1421,OURÉM,37811.0,22780.0,455.0,359.0,11612,PPD/PSD,4,39.7529819365,2005
1501,ALCÁCER DO SAL,12213.0,7571.0,236.0,121.0,175,B.E.,0,38.0086792762,2005
1501,ALCÁCER DO SAL,12213.0,7571.0,236.0,121.0,43,CDS-PP,0,38.0086792762,2005
1501,ALCÁCER DO SAL,12213.0,7571.0,236.0,121.0,185,I,0,38.0086792762,2005
1501,ALCÁCER DO SAL,12213.0,7571.0,236.0,121.0,2603,PCP-PEV,3,38.0086792762,2005
1501,ALCÁCER DO SAL,12213.0,7571.0,236.0,121.0,736,PPD/PSD,0,38.0086792762,2005
1501,ALCÁCER DO SAL,12213.0,7571.0,236.0,121.0,3472,PS,4,38.0086792762,2005
1502,ALCOCHETE,11066.0,6733.0,131.0,95.0,709,PPD/PSD,0,39.1559732514,2005
1502,ALCOCHETE,11066.0,6733.0,131.0,95.0,2352,PS,3,39.1559732514,2005
1502,ALCOCHETE,11066.0,6733.0,131.0,95.0,167,B.E.,0,39.1559732514,2005
1502,ALCOCHETE,11066.0,6733.0,131.0,95.0,3136,PCP-PEV,4,39.1559732514,2005
1502,ALCOCHETE,11066.0,6733.0,131.0,95.0,143,CDS-PP,0,39.1559732514,2005
1503,ALMADA,141360.0,67421.0,1949.0,1201.0,17438,PS,3,52.3054612337,2005
1503,ALMADA,141360.0,67421.0,1949.0,1201.0,336,PPM,0,52.3054612337,2005
1503,ALMADA,141360.0,67421.0,1949.0,1201.0,11961,PPD/PSD,2,52.3054612337,2005
1503,ALMADA,141360.0,67421.0,1949.0,1201.0,952,PCTP/MRPP,0,52.3054612337,2005
1503,ALMADA,141360.0,67421.0,1949.0,1201.0,28799,PCP-PEV,6,52.3054612337,2005
1503,ALMADA,141360.0,67421.0,1949.0,1201.0,4785,B.E.,0,52.3054612337,2005
1504,BARREIRO,71575.0,38141.0,689.0,525.0,287,CDS-PP,0,46.7118407265,2005
1504,BARREIRO,71575.0,38141.0,689.0,525.0,15968,PCP-PEV,4,46.7118407265,2005
1504,BARREIRO,71575.0,38141.0,689.0,525.0,532,PCTP/MRPP,0,46.7118407265,2005
1504,BARREIRO,71575.0,38141.0,689.0,525.0,4315,PPD/PSD,1,46.7118407265,2005
1504,BARREIRO,71575.0,38141.0,689.0,525.0,2441,B.E.,0,46.7118407265,2005
1504,BARREIRO,71575.0,38141.0,689.0,525.0,13384,PS,4,46.7118407265,2005
1505,GRÂNDOLA,12737.0,8710.0,174.0,90.0,4315,PS,4,31.6165502081,2005
1505,GRÂNDOLA,12737.0,8710.0,174.0,90.0,174,B.E.,0,31.6165502081,2005
1505,GRÂNDOLA,12737.0,8710.0,174.0,90.0,44,CDS-PP,0,31.6165502081,2005
1505,GRÂNDOLA,12737.0,8710.0,174.0,90.0,3311,PCP-PEV,3,31.6165502081,2005
1505,GRÂNDOLA,12737.0,8710.0,174.0,90.0,602,PPD/PSD,0,31.6165502081,2005
1506,MOITA,56582.0,28084.0,773.0,457.0,2560,PPD/PSD.CDS-PP,1,50.3658407267,2005
1506,MOITA,56582.0,28084.0,773.0,457.0,7322,PS,2,50.3658407267,2005
1506,MOITA,56582.0,28084.0,773.0,457.0,572,PCTP/MRPP,0,50.3658407267,2005
1506,MOITA,56582.0,28084.0,773.0,457.0,2484,B.E.,1,50.3658407267,2005
1506,MOITA,56582.0,28084.0,773.0,457.0,13916,PCP-PEV,5,50.3658407267,2005
1507,MONTIJO,35201.0,16316.0,408.0,217.0,248,CDS-PP,0,53.6490440612,2005
1507,MONTIJO,35201.0,16316.0,408.0,217.0,6986,PS,4,53.6490440612,2005
1507,MONTIJO,35201.0,16316.0,408.0,217.0,4273,PPD/PSD,2,53.6490440612,2005
1507,MONTIJO,35201.0,16316.0,408.0,217.0,176,PCTP/MRPP,0,53.6490440612,2005
1507,MONTIJO,35201.0,16316.0,408.0,217.0,709,B.E.,0,53.6490440612,2005
1507,MONTIJO,35201.0,16316.0,408.0,217.0,3299,PCP-PEV,1,53.6490440612,2005
1508,PALMELA,42339.0,20125.0,512.0,329.0,3513,PPD/PSD,1,52.4669926073,2005
1508,PALMELA,42339.0,20125.0,512.0,329.0,10227,PCP-PEV,4,52.4669926073,2005
1508,PALMELA,42339.0,20125.0,512.0,329.0,282,CDS-PP,0,52.4669926073,2005
1508,PALMELA,42339.0,20125.0,512.0,329.0,1015,B.E.,0,52.4669926073,2005
1508,PALMELA,42339.0,20125.0,512.0,329.0,4247,PS,2,52.4669926073,2005
1509,SANTIAGO DO CACÉM,26508.0,15421.0,420.0,183.0,4537,PS,2,41.8251094009,2005
1509,SANTIAGO DO CACÉM,26508.0,15421.0,420.0,183.0,634,B.E.,0,41.8251094009,2005
1509,SANTIAGO DO CACÉM,26508.0,15421.0,420.0,183.0,283,CDS-PP,0,41.8251094009,2005
1509,SANTIAGO DO CACÉM,26508.0,15421.0,420.0,183.0,6630,PCP-PEV,4,41.8251094009,2005
1509,SANTIAGO DO CACÉM,26508.0,15421.0,420.0,183.0,2734,PPD/PSD,1,41.8251094009,2005
1510,SEIXAL,116478.0,53361.0,1367.0,824.0,24283,PCP-PEV,6,54.1879153145,2005
1510,SEIXAL,116478.0,53361.0,1367.0,824.0,8948,PPD/PSD,2,54.1879153145,2005
1510,SEIXAL,116478.0,53361.0,1367.0,824.0,3870,B.E.,0,54.1879153145,2005
1510,SEIXAL,116478.0,53361.0,1367.0,824.0,148,PPM,0,54.1879153145,2005
1510,SEIXAL,116478.0,53361.0,1367.0,824.0,12947,PS,3,54.1879153145,2005
1510,SEIXAL,116478.0,53361.0,1367.0,824.0,974,CDS-PP,0,54.1879153145,2005
1511,SESIMBRA,33162.0,16656.0,520.0,337.0,1782,B.E.,0,49.7738375249,2005
1511,SESIMBRA,33162.0,16656.0,520.0,337.0,5586,PCP-PEV,3,49.7738375249,2005
1511,SESIMBRA,33162.0,16656.0,520.0,337.0,2951,PPD/PSD.CDS-PP,1,49.7738375249,2005
1511,SESIMBRA,33162.0,16656.0,520.0,337.0,5480,PS,3,49.7738375249,2005
1512,SETÚBAL,94094.0,45553.0,869.0,501.0,2384,B.E.,0,51.5877739282,2005
1512,SETÚBAL,94094.0,45553.0,869.0,501.0,18666,PCP-PEV,4,51.5877739282,2005
1512,SETÚBAL,94094.0,45553.0,869.0,501.0,11726,PPD/PSD,3,51.5877739282,2005
1512,SETÚBAL,94094.0,45553.0,869.0,501.0,928,PCTP/MRPP,0,51.5877739282,2005
1512,SETÚBAL,94094.0,45553.0,869.0,501.0,684,CDS-PP,0,51.5877739282,2005
1512,SETÚBAL,94094.0,45553.0,869.0,501.0,9795,PS,2,51.5877739282,2005
1513,SINES,11126.0,6378.0,157.0,81.0,163,B.E.,0,42.6748157469,2005
1513,SINES,11126.0,6378.0,157.0,81.0,79,CDS-PP,0,42.6748157469,2005
1513,SINES,11126.0,6378.0,157.0,81.0,3524,PCP-PEV,5,42.6748157469,2005
1513,SINES,11126.0,6378.0,157.0,81.0,609,PPD/PSD,0,42.6748157469,2005
1513,SINES,11126.0,6378.0,157.0,81.0,1765,PS,2,42.6748157469,2005
1601,ARCOS DE VALDEVEZ,26474.0,15995.0,352.0,261.0,10664,PPD/PSD,5,39.5822316235,2005
1601,ARCOS DE VALDEVEZ,26474.0,15995.0,352.0,261.0,386,CDS-PP,0,39.5822316235,2005
1601,ARCOS DE VALDEVEZ,26474.0,15995.0,352.0,261.0,3993,PS,2,39.5822316235,2005
1601,ARCOS DE VALDEVEZ,26474.0,15995.0,352.0,261.0,339,PCP-PEV,0,39.5822316235,2005
1602,CAMINHA,15300.0,11180.0,138.0,131.0,4696,PS,3,26.9281045752,2005
1602,CAMINHA,15300.0,11180.0,138.0,131.0,186,B.E.,0,26.9281045752,2005
1602,CAMINHA,15300.0,11180.0,138.0,131.0,332,PCP-PEV,0,26.9281045752,2005
1602,CAMINHA,15300.0,11180.0,138.0,131.0,5648,PPD/PSD,4,26.9281045752,2005
1602,CAMINHA,15300.0,11180.0,138.0,131.0,49,PPM,0,26.9281045752,2005
1603,MELGAÇO,10496.0,5623.0,161.0,125.0,3618,PS,5,46.4272103659,2005
1603,MELGAÇO,10496.0,5623.0,161.0,125.0,1582,PPD/PSD,2,46.4272103659,2005
1603,MELGAÇO,10496.0,5623.0,161.0,125.0,137,PCP-PEV,0,46.4272103659,2005
1604,MONÇÃO,20461.0,12205.0,328.0,203.0,8169,PS,6,40.3499340208,2005
1604,MONÇÃO,20461.0,12205.0,328.0,203.0,1034,XII,0,40.3499340208,2005
1604,MONÇÃO,20461.0,12205.0,328.0,203.0,244,PCP-PEV,0,40.3499340208,2005
1604,MONÇÃO,20461.0,12205.0,328.0,203.0,2227,PPD/PSD,1,40.3499340208,2005
1605,PAREDES DE COURA,9362.0,6434.0,104.0,106.0,2691,PPD/PSD,2,31.275368511,2005
1605,PAREDES DE COURA,9362.0,6434.0,104.0,106.0,217,PCP-PEV,0,31.275368511,2005
1605,PAREDES DE COURA,9362.0,6434.0,104.0,106.0,3316,PS,3,31.275368511,2005
1606,PONTE DA BARCA,12647.0,8878.0,91.0,121.0,4588,PS,4,29.8015339606,2005
1606,PONTE DA BARCA,12647.0,8878.0,91.0,121.0,3903,PPD/PSD,3,29.8015339606,2005
1606,PONTE DA BARCA,12647.0,8878.0,91.0,121.0,175,PCP-PEV,0,29.8015339606,2005
1607,PONTE DE LIMA,39399.0,28639.0,582.0,370.0,4265,PS,1,27.3103378258,2005
1607,PONTE DE LIMA,39399.0,28639.0,582.0,370.0,16559,CDS-PP,5,27.3103378258,2005
1607,PONTE DE LIMA,39399.0,28639.0,582.0,370.0,801,PCP-PEV,0,27.3103378258,2005
1607,PONTE DE LIMA,39399.0,28639.0,582.0,370.0,6062,PPD/PSD,1,27.3103378258,2005
1608,VALENÇA,13078.0,8639.0,150.0,133.0,4566,PS,4,33.942498853,2005
1608,VALENÇA,13078.0,8639.0,150.0,133.0,3487,PPD/PSD,3,33.942498853,2005
1608,VALENÇA,13078.0,8639.0,150.0,133.0,303,PCP-PEV,0,33.942498853,2005
1609,VIANA DO CASTELO,79292.0,51089.0,1107.0,598.0,2785,PCP-PEV,0,35.5685315038,2005
1609,VIANA DO CASTELO,79292.0,51089.0,1107.0,598.0,1412,I,0,35.5685315038,2005
1609,VIANA DO CASTELO,79292.0,51089.0,1107.0,598.0,2360,CDS-PP,0,35.5685315038,2005
1609,VIANA DO CASTELO,79292.0,51089.0,1107.0,598.0,1618,B.E.,0,35.5685315038,2005
1609,VIANA DO CASTELO,79292.0,51089.0,1107.0,598.0,15949,PPD/PSD,3,35.5685315038,2005
1609,VIANA DO CASTELO,79292.0,51089.0,1107.0,598.0,25260,PS,6,35.5685315038,2005
1610,VILA NOVA DE CERVEIRA,8303.0,6058.0,99.0,88.0,96,PCP-PEV,0,27.0384198482,2005
1610,VILA NOVA DE CERVEIRA,8303.0,6058.0,99.0,88.0,2051,PPD/PSD,2,27.0384198482,2005
1610,VILA NOVA DE CERVEIRA,8303.0,6058.0,99.0,88.0,3724,PS,3,27.0384198482,2005
1701,ALIJÓ,13683.0,9498.0,243.0,197.0,3573,PPD/PSD.CDS-PP,3,30.585397939,2005
1701,ALIJÓ,13683.0,9498.0,243.0,197.0,5293,PS,4,30.585397939,2005
1701,ALIJÓ,13683.0,9498.0,243.0,197.0,192,PCP-PEV,0,30.585397939,2005
1702,BOTICAS,7160.0,4633.0,122.0,93.0,2851,PPD/PSD,4,35.2932960894,2005
1702,BOTICAS,7160.0,4633.0,122.0,93.0,119,PCP-PEV,0,35.2932960894,2005
1702,BOTICAS,7160.0,4633.0,122.0,93.0,51,CDS-PP,0,35.2932960894,2005
1702,BOTICAS,7160.0,4633.0,122.0,93.0,1397,PS,1,35.2932960894,2005
1703,CHAVES,43096.0,26846.0,495.0,416.0,10922,PS,3,37.7065156859,2005
1703,CHAVES,43096.0,26846.0,495.0,416.0,692,CDS-PP,0,37.7065156859,2005
1703,CHAVES,43096.0,26846.0,495.0,416.0,1325,PCP-PEV,0,37.7065156859,2005
1703,CHAVES,43096.0,26846.0,495.0,416.0,12996,PPD/PSD,4,37.7065156859,2005
1704,MESÃO FRIO,4574.0,3469.0,37.0,56.0,1344,PS,2,24.1582859641,2005
1704,MESÃO FRIO,4574.0,3469.0,37.0,56.0,20,PCP-PEV,0,24.1582859641,2005
1704,MESÃO FRIO,4574.0,3469.0,37.0,56.0,2012,PPD/PSD,3,24.1582859641,2005
1705,MONDIM DE BASTO,8165.0,5122.0,63.0,84.0,2119,PPD/PSD,3,37.2688303735,2005
1705,MONDIM DE BASTO,8165.0,5122.0,63.0,84.0,46,PCTP/MRPP,0,37.2688303735,2005
1705,MONDIM DE BASTO,8165.0,5122.0,63.0,84.0,24,PCP-PEV,0,37.2688303735,2005
1705,MONDIM DE BASTO,8165.0,5122.0,63.0,84.0,698,CDS-PP,0,37.2688303735,2005
1705,MONDIM DE BASTO,8165.0,5122.0,63.0,84.0,2088,PS,2,37.2688303735,2005
1706,MONTALEGRE,15247.0,10370.0,225.0,179.0,236,B.E.,0,31.9866203188,2005
1706,MONTALEGRE,15247.0,10370.0,225.0,179.0,5454,PS,4,31.9866203188,2005
1706,MONTALEGRE,15247.0,10370.0,225.0,179.0,71,PCP-PEV,0,31.9866203188,2005
1706,MONTALEGRE,15247.0,10370.0,225.0,179.0,4205,PPD/PSD.CDS-PP,3,31.9866203188,2005
1707,MURÇA,7360.0,4847.0,87.0,92.0,114,CDS-PP,0,34.1440217391,2005
1707,MURÇA,7360.0,4847.0,87.0,92.0,54,PCP-PEV,0,34.1440217391,2005
1707,MURÇA,7360.0,4847.0,87.0,92.0,1976,PPD/PSD,2,34.1440217391,2005
1707,MURÇA,7360.0,4847.0,87.0,92.0,2524,PS,3,34.1440217391,2005
1708,PESO DA RÉGUA,16879.0,10685.0,223.0,174.0,391,PCP-PEV,0,36.6964867587,2005
1708,PESO DA RÉGUA,16879.0,10685.0,223.0,174.0,5003,PPD/PSD,4,36.6964867587,2005
1708,PESO DA RÉGUA,16879.0,10685.0,223.0,174.0,4703,PS,3,36.6964867587,2005
1708,PESO DA RÉGUA,16879.0,10685.0,223.0,174.0,191,CDS-PP,0,36.6964867587,2005
1709,RIBEIRA DE PENA,8199.0,6135.0,50.0,54.0,2862,PS,2,25.1738016831,2005
1709,RIBEIRA DE PENA,8199.0,6135.0,50.0,54.0,47,PCP-PEV,0,25.1738016831,2005
1709,RIBEIRA DE PENA,8199.0,6135.0,50.0,54.0,3122,PPD/PSD.CDS-PP,3,25.1738016831,2005
1710,SABROSA,7030.0,5136.0,77.0,103.0,1507,PS,1,26.9416785206,2005
1710,SABROSA,7030.0,5136.0,77.0,103.0,1680,PPD/PSD,2,26.9416785206,2005
1710,SABROSA,7030.0,5136.0,77.0,103.0,49,PCP-PEV,0,26.9416785206,2005
1710,SABROSA,7030.0,5136.0,77.0,103.0,1720,III,2,26.9416785206,2005
1711,SANTA MARTA DE PENAGUIÃO,8803.0,5926.0,112.0,82.0,1627,PPD/PSD,1,32.6820402136,2005
1711,SANTA MARTA DE PENAGUIÃO,8803.0,5926.0,112.0,82.0,3981,PS,4,32.6820402136,2005
1711,SANTA MARTA DE PENAGUIÃO,8803.0,5926.0,112.0,82.0,124,PCP-PEV,0,32.6820402136,2005
1712,VALPAÇOS,21434.0,11919.0,321.0,347.0,187,PCP-PEV,0,44.3920873379,2005
1712,VALPAÇOS,21434.0,11919.0,321.0,347.0,8412,PPD/PSD,6,44.3920873379,2005
1712,VALPAÇOS,21434.0,11919.0,321.0,347.0,2652,PS,1,44.3920873379,2005
1713,VILA POUCA DE AGUIAR,16892.0,10580.0,163.0,184.0,177,PCP-PEV,0,37.3668008525,2005
1713,VILA POUCA DE AGUIAR,16892.0,10580.0,163.0,184.0,5806,PPD/PSD.CDS-PP,4,37.3668008525,2005
1713,VILA POUCA DE AGUIAR,16892.0,10580.0,163.0,184.0,4250,PS,3,37.3668008525,2005
1714,VILA REAL,43877.0,30031.0,600.0,432.0,696,CDS-PP,0,31.5563962896,2005
1714,VILA REAL,43877.0,30031.0,600.0,432.0,988,PCP-PEV,0,31.5563962896,2005
1714,VILA REAL,43877.0,30031.0,600.0,432.0,14609,PPD/PSD,4,31.5563962896,2005
1714,VILA REAL,43877.0,30031.0,600.0,432.0,12706,PS,3,31.5563962896,2005
1801,ARMAMAR,6970.0,4668.0,58.0,112.0,285,PCP-PEV,0,33.0272596844,2005
1801,ARMAMAR,6970.0,4668.0,58.0,112.0,627,PS,0,33.0272596844,2005
1801,ARMAMAR,6970.0,4668.0,58.0,112.0,3240,PPD/PSD,5,33.0272596844,2005
1801,ARMAMAR,6970.0,4668.0,58.0,112.0,346,CDS-PP,0,33.0272596844,2005
1802,CARREGAL DO SAL,9577.0,5904.0,115.0,114.0,391,CDS-PP,0,38.3523023911,2005
1802,CARREGAL DO SAL,9577.0,5904.0,115.0,114.0,1917,PS,2,38.3523023911,2005
1802,CARREGAL DO SAL,9577.0,5904.0,115.0,114.0,3221,PPD/PSD,3,38.3523023911,2005
1802,CARREGAL DO SAL,9577.0,5904.0,115.0,114.0,146,PCP-PEV,0,38.3523023911,2005
1803,CASTRO DAIRE,15612.0,10175.0,192.0,173.0,511,CDS-PP,0,34.8257750448,2005
1803,CASTRO DAIRE,15612.0,10175.0,192.0,173.0,113,PCP-PEV,0,34.8257750448,2005
1803,CASTRO DAIRE,15612.0,10175.0,192.0,173.0,4904,PPD/PSD,4,34.8257750448,2005
1803,CASTRO DAIRE,15612.0,10175.0,192.0,173.0,4282,PS,3,34.8257750448,2005
1804,CINFÃES,18849.0,13171.0,166.0,226.0,7617,PS,4,30.1236139848,2005
1804,CINFÃES,18849.0,13171.0,166.0,226.0,4812,PPD/PSD.CDS-PP,3,30.1236139848,2005
1804,CINFÃES,18849.0,13171.0,166.0,226.0,172,PCP-PEV,0,30.1236139848,2005
1804,CINFÃES,18849.0,13171.0,166.0,226.0,178,B.E.,0,30.1236139848,2005
1805,LAMEGO,25775.0,17682.0,322.0,344.0,8923,PPD/PSD.CDS-PP,4,31.3986420951,2005
1805,LAMEGO,25775.0,17682.0,322.0,344.0,548,PCP-PEV,0,31.3986420951,2005
1805,LAMEGO,25775.0,17682.0,322.0,344.0,7545,PS,3,31.3986420951,2005
1806,MANGUALDE,19289.0,13094.0,249.0,249.0,5833,PS,3,32.1167504795,2005
1806,MANGUALDE,19289.0,13094.0,249.0,249.0,6228,PPD/PSD,4,32.1167504795,2005
1806,MANGUALDE,19289.0,13094.0,249.0,249.0,179,PCP-PEV,0,32.1167504795,2005
1806,MANGUALDE,19289.0,13094.0,249.0,249.0,356,CDS-PP,0,32.1167504795,2005
1807,MOIMENTA DA BEIRA,10851.0,7286.0,161.0,126.0,2907,PS,3,32.8541148281,2005
1807,MOIMENTA DA BEIRA,10851.0,7286.0,161.0,126.0,3439,PPD/PSD,4,32.8541148281,2005
1807,MOIMENTA DA BEIRA,10851.0,7286.0,161.0,126.0,83,PCP-PEV,0,32.8541148281,2005
1807,MOIMENTA DA BEIRA,10851.0,7286.0,161.0,126.0,570,CDS-PP,0,32.8541148281,2005
1808,MORTÁGUA,9443.0,5855.0,166.0,101.0,3042,PS,3,37.9963994493,2005
1808,MORTÁGUA,9443.0,5855.0,166.0,101.0,2457,PPD/PSD,2,37.9963994493,2005
1808,MORTÁGUA,9443.0,5855.0,166.0,101.0,89,PCP-PEV,0,37.9963994493,2005
1809,NELAS,12847.0,8354.0,111.0,142.0,287,PCP-PEV,0,34.9731454814,2005
1809,NELAS,12847.0,8354.0,111.0,142.0,3966,PPD/PSD.CDS-PP,4,34.9731454814,2005
1809,NELAS,12847.0,8354.0,111.0,142.0,3848,PS,3,34.9731454814,2005
1810,OLIVEIRA DE FRADES,8933.0,6984.0,106.0,82.0,3437,PPD/PSD,3,21.8179782828,2005
1810,OLIVEIRA DE FRADES,8933.0,6984.0,106.0,82.0,199,CDS-PP,0,21.8179782828,2005
1810,OLIVEIRA DE FRADES,8933.0,6984.0,106.0,82.0,3088,PS,2,21.8179782828,2005
1810,OLIVEIRA DE FRADES,8933.0,6984.0,106.0,82.0,72,PCP-PEV,0,21.8179782828,2005
1811,PENALVA DO CASTELO,8489.0,5692.0,93.0,108.0,1651,PS,1,32.9485216162,2005
1811,PENALVA DO CASTELO,8489.0,5692.0,93.0,108.0,3644,PPD/PSD.CDS-PP,4,32.9485216162,2005
1811,PENALVA DO CASTELO,8489.0,5692.0,93.0,108.0,196,PCP-PEV,0,32.9485216162,2005
1812,PENEDONO,3340.0,2268.0,42.0,48.0,39,PCP-PEV,0,32.0958083832,2005
1812,PENEDONO,3340.0,2268.0,42.0,48.0,1398,PPD/PSD,3,32.0958083832,2005
1812,PENEDONO,3340.0,2268.0,42.0,48.0,741,I,2,32.0958083832,2005
1813,RESENDE,11473.0,8370.0,85.0,166.0,2499,PPD/PSD.CDS-PP,2,27.0461082542,2005
1813,RESENDE,11473.0,8370.0,85.0,166.0,5474,PS,5,27.0461082542,2005
1813,RESENDE,11473.0,8370.0,85.0,166.0,146,PCP-PEV,0,27.0461082542,2005
1814,SANTA COMBA DÃO,11229.0,7518.0,132.0,73.0,3176,PS,3,33.0483569329,2005
1814,SANTA COMBA DÃO,11229.0,7518.0,132.0,73.0,3926,PPD/PSD.CDS-PP,4,33.0483569329,2005
1814,SANTA COMBA DÃO,11229.0,7518.0,132.0,73.0,104,PCP-PEV,0,33.0483569329,2005
1814,SANTA COMBA DÃO,11229.0,7518.0,132.0,73.0,107,B.E.,0,33.0483569329,2005
1815,SÃO JOÃO DA PESQUEIRA,7767.0,4973.0,66.0,142.0,83,PCP-PEV,0,35.9727050341,2005
1815,SÃO JOÃO DA PESQUEIRA,7767.0,4973.0,66.0,142.0,941,PS,1,35.9727050341,2005
1815,SÃO JOÃO DA PESQUEIRA,7767.0,4973.0,66.0,142.0,3741,PPD/PSD,4,35.9727050341,2005
1816,SÃO PEDRO DO SUL,16964.0,11619.0,201.0,215.0,229,PCP-PEV,0,31.5078990804,2005
1816,SÃO PEDRO DO SUL,16964.0,11619.0,201.0,215.0,142,CDS-PP,0,31.5078990804,2005
1816,SÃO PEDRO DO SUL,16964.0,11619.0,201.0,215.0,7099,PPD/PSD,5,31.5078990804,2005
1816,SÃO PEDRO DO SUL,16964.0,11619.0,201.0,215.0,3733,PS,2,31.5078990804,2005
1817,SÁTÃO,12204.0,8540.0,86.0,207.0,2430,PS,2,30.0229432973,2005
1817,SÁTÃO,12204.0,8540.0,86.0,207.0,62,PCP-PEV,0,30.0229432973,2005
1817,SÁTÃO,12204.0,8540.0,86.0,207.0,2209,CDS-PP,2,30.0229432973,2005
1817,SÁTÃO,12204.0,8540.0,86.0,207.0,3546,PPD/PSD,3,30.0229432973,2005
1818,SERNANCELHE,6480.0,4508.0,41.0,73.0,1755,PS,2,30.4320987654,2005
1818,SERNANCELHE,6480.0,4508.0,41.0,73.0,36,PCP-PEV,0,30.4320987654,2005
1818,SERNANCELHE,6480.0,4508.0,41.0,73.0,2603,PPD/PSD,3,30.4320987654,2005
1819,TABUAÇO,6397.0,4682.0,82.0,132.0,1844,PS,2,26.8094419259,2005
1819,TABUAÇO,6397.0,4682.0,82.0,132.0,2462,PPD/PSD,3,26.8094419259,2005
1819,TABUAÇO,6397.0,4682.0,82.0,132.0,23,PCP-PEV,0,26.8094419259,2005
1819,TABUAÇO,6397.0,4682.0,82.0,132.0,139,CDS-PP,0,26.8094419259,2005
1820,TAROUCA,7436.0,4571.0,57.0,122.0,2436,PS,3,38.5287789134,2005
1820,TAROUCA,7436.0,4571.0,57.0,122.0,104,PCP-PEV,0,38.5287789134,2005
1820,TAROUCA,7436.0,4571.0,57.0,122.0,1852,PPD/PSD.CDS-PP,2,38.5287789134,2005
1821,TONDELA,28448.0,18633.0,433.0,326.0,412,PCP-PEV,0,34.5015466817,2005
1821,TONDELA,28448.0,18633.0,433.0,326.0,12466,PPD/PSD,5,34.5015466817,2005
1821,TONDELA,28448.0,18633.0,433.0,326.0,644,CDS-PP,0,34.5015466817,2005
1821,TONDELA,28448.0,18633.0,433.0,326.0,4352,PS,2,34.5015466817,2005
1822,VILA NOVA DE PAIVA,5691.0,3852.0,65.0,95.0,592,CDS-PP,1,32.3141802847,2005
1822,VILA NOVA DE PAIVA,5691.0,3852.0,65.0,95.0,103,PCP-PEV,0,32.3141802847,2005
1822,VILA NOVA DE PAIVA,5691.0,3852.0,65.0,95.0,1574,PPD/PSD,2,32.3141802847,2005
1822,VILA NOVA DE PAIVA,5691.0,3852.0,65.0,95.0,1423,PS,2,32.3141802847,2005
1823,VISEU,81985.0,49694.0,1049.0,630.0,857,PCP-PEV,0,39.3864731353,2005
1823,VISEU,81985.0,49694.0,1049.0,630.0,15289,PS,3,39.3864731353,2005
1823,VISEU,81985.0,49694.0,1049.0,630.0,28430,PPD/PSD,6,39.3864731353,2005
1823,VISEU,81985.0,49694.0,1049.0,630.0,2223,CDS-PP,0,39.3864731353,2005
1823,VISEU,81985.0,49694.0,1049.0,630.0,1216,B.E.,0,39.3864731353,2005
1824,VOUZELA,10382.0,7372.0,109.0,107.0,110,PCP-PEV,0,28.9924869967,2005
1824,VOUZELA,10382.0,7372.0,109.0,107.0,410,I,0,28.9924869967,2005
1824,VOUZELA,10382.0,7372.0,109.0,107.0,4203,PPD/PSD,5,28.9924869967,2005
1824,VOUZELA,10382.0,7372.0,109.0,107.0,227,CDS-PP,0,28.9924869967,2005
1824,VOUZELA,10382.0,7372.0,109.0,107.0,2206,PS,2,28.9924869967,2005
3101,CALHETA (R.A.M.),11161.0,7242.0,86.0,123.0,82,PCP-PEV,0,35.1133410985,2005
3101,CALHETA (R.A.M.),11161.0,7242.0,86.0,123.0,519,PS,0,35.1133410985,2005
3101,CALHETA (R.A.M.),11161.0,7242.0,86.0,123.0,1778,CDS-PP,2,35.1133410985,2005
3101,CALHETA (R.A.M.),11161.0,7242.0,86.0,123.0,66,B.E.,0,35.1133410985,2005
3101,CALHETA (R.A.M.),11161.0,7242.0,86.0,123.0,4588,PPD/PSD,5,35.1133410985,2005
3102,CÂMARA DE LOBOS,27072.0,15421.0,188.0,244.0,9615,PPD/PSD,6,43.0370862884,2005
3102,CÂMARA DE LOBOS,27072.0,15421.0,188.0,244.0,504,B.E.,0,43.0370862884,2005
3102,CÂMARA DE LOBOS,27072.0,15421.0,188.0,244.0,1086,CDS-PP,0,43.0370862884,2005
3102,CÂMARA DE LOBOS,27072.0,15421.0,188.0,244.0,1016,PCP-PEV,0,43.0370862884,2005
3102,CÂMARA DE LOBOS,27072.0,15421.0,188.0,244.0,2768,PS,1,43.0370862884,2005
3103,FUNCHAL,100618.0,58129.0,954.0,850.0,4535,CDS-PP,1,42.2280307698,2005
3103,FUNCHAL,100618.0,58129.0,954.0,850.0,14700,PS,3,42.2280307698,2005
3103,FUNCHAL,100618.0,58129.0,954.0,850.0,29395,PPD/PSD,6,42.2280307698,2005
3103,FUNCHAL,100618.0,58129.0,954.0,850.0,4815,PCP-PEV,1,42.2280307698,2005
3103,FUNCHAL,100618.0,58129.0,954.0,850.0,2880,B.E.,0,42.2280307698,2005
3104,MACHICO,19896.0,12687.0,93.0,144.0,125,B.E.,0,36.2334137515,2005
3104,MACHICO,19896.0,12687.0,93.0,144.0,4813,PS,3,36.2334137515,2005
3104,MACHICO,19896.0,12687.0,93.0,144.0,7261,PPD/PSD,4,36.2334137515,2005
3104,MACHICO,19896.0,12687.0,93.0,144.0,132,PCP-PEV,0,36.2334137515,2005
3104,MACHICO,19896.0,12687.0,93.0,144.0,119,CDS-PP,0,36.2334137515,2005
3105,PONTA DO SOL,8091.0,5548.0,31.0,59.0,2698,PPD/PSD,3,31.4299839328,2005
3105,PONTA DO SOL,8091.0,5548.0,31.0,59.0,41,B.E.,0,31.4299839328,2005
3105,PONTA DO SOL,8091.0,5548.0,31.0,59.0,34,PCP-PEV,0,31.4299839328,2005
3105,PONTA DO SOL,8091.0,5548.0,31.0,59.0,2557,PS,2,31.4299839328,2005
3105,PONTA DO SOL,8091.0,5548.0,31.0,59.0,128,CDS-PP,0,31.4299839328,2005
3106,PORTO MONIZ,3167.0,2317.0,44.0,30.0,1027,PS,2,26.8392800758,2005
3106,PORTO MONIZ,3167.0,2317.0,44.0,30.0,11,PCP-PEV,0,26.8392800758,2005
3106,PORTO MONIZ,3167.0,2317.0,44.0,30.0,2,B.E.,0,26.8392800758,2005
3106,PORTO MONIZ,3167.0,2317.0,44.0,30.0,37,CDS-PP,0,26.8392800758,2005
3106,PORTO MONIZ,3167.0,2317.0,44.0,30.0,1166,PPD/PSD,3,26.8392800758,2005
3107,RIBEIRA BRAVA,12062.0,7277.0,90.0,164.0,127,B.E.,0,39.6700381363,2005
3107,RIBEIRA BRAVA,12062.0,7277.0,90.0,164.0,355,CDS-PP,0,39.6700381363,2005
3107,RIBEIRA BRAVA,12062.0,7277.0,90.0,164.0,179,PCP-PEV,0,39.6700381363,2005
3107,RIBEIRA BRAVA,12062.0,7277.0,90.0,164.0,5151,PPD/PSD,6,39.6700381363,2005
3107,RIBEIRA BRAVA,12062.0,7277.0,90.0,164.0,1211,PS,1,39.6700381363,2005
3108,SANTA CRUZ,28904.0,18522.0,192.0,214.0,7570,PS,3,35.9189039579,2005
3108,SANTA CRUZ,28904.0,18522.0,192.0,214.0,544,B.E.,0,35.9189039579,2005
3108,SANTA CRUZ,28904.0,18522.0,192.0,214.0,628,CDS-PP,0,35.9189039579,2005
3108,SANTA CRUZ,28904.0,18522.0,192.0,214.0,609,PCP-PEV,0,35.9189039579,2005
3108,SANTA CRUZ,28904.0,18522.0,192.0,214.0,8765,PPD/PSD,4,35.9189039579,2005
3109,SANTANA,8806.0,5448.0,104.0,135.0,3163,PPD/PSD,3,38.1330910743,2005
3109,SANTANA,8806.0,5448.0,104.0,135.0,1598,PS,2,38.1330910743,2005
3109,SANTANA,8806.0,5448.0,104.0,135.0,70,B.E.,0,38.1330910743,2005
3109,SANTANA,8806.0,5448.0,104.0,135.0,292,CDS-PP,0,38.1330910743,2005
3109,SANTANA,8806.0,5448.0,104.0,135.0,86,PCP-PEV,0,38.1330910743,2005
3110,SÃO VICENTE,6260.0,3935.0,72.0,105.0,87,CDS-PP,0,37.1405750799,2005
3110,SÃO VICENTE,6260.0,3935.0,72.0,105.0,22,B.E.,0,37.1405750799,2005
3110,SÃO VICENTE,6260.0,3935.0,72.0,105.0,32,PCP-PEV,0,37.1405750799,2005
3110,SÃO VICENTE,6260.0,3935.0,72.0,105.0,2029,PPD/PSD,3,37.1405750799,2005
3110,SÃO VICENTE,6260.0,3935.0,72.0,105.0,1588,PS,2,37.1405750799,2005
3201,PORTO SANTO,4355.0,3144.0,52.0,18.0,686,PS,1,27.8071182549,2005
3201,PORTO SANTO,4355.0,3144.0,52.0,18.0,2313,PPD/PSD,4,27.8071182549,2005
3201,PORTO SANTO,4355.0,3144.0,52.0,18.0,21,PCP-PEV,0,27.8071182549,2005
3201,PORTO SANTO,4355.0,3144.0,52.0,18.0,30,CDS-PP,0,27.8071182549,2005
3201,PORTO SANTO,4355.0,3144.0,52.0,18.0,24,B.E.,0,27.8071182549,2005
4101,VILA DO PORTO,4536.0,2279.0,37.0,20.0,817,PPD/PSD,2,49.7574955908,2005
4101,VILA DO PORTO,4536.0,2279.0,37.0,20.0,73,PCP-PEV,0,49.7574955908,2005
4101,VILA DO PORTO,4536.0,2279.0,37.0,20.0,1307,PS,3,49.7574955908,2005
4101,VILA DO PORTO,4536.0,2279.0,37.0,20.0,25,CDS-PP,0,49.7574955908,2005
4201,LAGOA (R.A.A.),10756.0,5501.0,76.0,107.0,64,PCP-PEV,0,48.8564522127,2005
4201,LAGOA (R.A.A.),10756.0,5501.0,76.0,107.0,154,CDS-PP,0,48.8564522127,2005
4201,LAGOA (R.A.A.),10756.0,5501.0,76.0,107.0,3554,PS,5,48.8564522127,2005
4201,LAGOA (R.A.A.),10756.0,5501.0,76.0,107.0,1546,PPD/PSD,2,48.8564522127,2005
4202,NORDESTE,4954.0,3486.0,32.0,69.0,2222,PPD/PSD,3,29.632620105,2005
4202,NORDESTE,4954.0,3486.0,32.0,69.0,1163,PS,2,29.632620105,2005
4203,PONTA DELGADA,51411.0,24296.0,289.0,236.0,485,B.E.,0,52.7416311684,2005
4203,PONTA DELGADA,51411.0,24296.0,289.0,236.0,472,PCP-PEV,0,52.7416311684,2005
4203,PONTA DELGADA,51411.0,24296.0,289.0,236.0,16345,PPD/PSD,7,52.7416311684,2005
4203,PONTA DELGADA,51411.0,24296.0,289.0,236.0,6119,PS,2,52.7416311684,2005
4203,PONTA DELGADA,51411.0,24296.0,289.0,236.0,350,CDS-PP,0,52.7416311684,2005
4204,POVOAÇÃO,5600.0,3947.0,56.0,72.0,2000,PPD/PSD,3,29.5178571429,2005
4204,POVOAÇÃO,5600.0,3947.0,56.0,72.0,23,PCP-PEV,0,29.5178571429,2005
4204,POVOAÇÃO,5600.0,3947.0,56.0,72.0,1796,PS,2,29.5178571429,2005
4205,RIBEIRA GRANDE,21034.0,11728.0,115.0,148.0,154,PCP-PEV,0,44.2426547495,2005
4205,RIBEIRA GRANDE,21034.0,11728.0,115.0,148.0,89,CDS-PP,0,44.2426547495,2005
4205,RIBEIRA GRANDE,21034.0,11728.0,115.0,148.0,4955,PPD/PSD,3,44.2426547495,2005
4205,RIBEIRA GRANDE,21034.0,11728.0,115.0,148.0,6087,PS,4,44.2426547495,2005
4205,RIBEIRA GRANDE,21034.0,11728.0,115.0,148.0,180,B.E.,0,44.2426547495,2005
4206,VILA FRANCA DO CAMPO,8583.0,5539.0,38.0,75.0,2284,PS,2,35.4654549691,2005
4206,VILA FRANCA DO CAMPO,8583.0,5539.0,38.0,75.0,63,PCP-PEV,0,35.4654549691,2005
4206,VILA FRANCA DO CAMPO,8583.0,5539.0,38.0,75.0,3079,PPD/PSD,3,35.4654549691,2005
4301,ANGRA DO HEROÍSMO,28735.0,16536.0,220.0,219.0,144,PCP-PEV,0,42.453453976,2005
4301,ANGRA DO HEROÍSMO,28735.0,16536.0,220.0,219.0,5617,PPD/PSD,2,42.453453976,2005
4301,ANGRA DO HEROÍSMO,28735.0,16536.0,220.0,219.0,658,CDS-PP,0,42.453453976,2005
4301,ANGRA DO HEROÍSMO,28735.0,16536.0,220.0,219.0,225,B.E.,0,42.453453976,2005
4301,ANGRA DO HEROÍSMO,28735.0,16536.0,220.0,219.0,9453,PS,5,42.453453976,2005
4302,PRAIA DA VITÓRIA,17122.0,10668.0,96.0,78.0,114,B.E.,0,37.6941946034,2005
4302,PRAIA DA VITÓRIA,17122.0,10668.0,96.0,78.0,306,CDS-PP,0,37.6941946034,2005
4302,PRAIA DA VITÓRIA,17122.0,10668.0,96.0,78.0,47,PCP-PEV,0,37.6941946034,2005
4302,PRAIA DA VITÓRIA,17122.0,10668.0,96.0,78.0,4836,PPD/PSD,3,37.6941946034,2005
4302,PRAIA DA VITÓRIA,17122.0,10668.0,96.0,78.0,5191,PS,4,37.6941946034,2005
4401,SANTA CRUZ DA GRACIOSA,3850.0,2694.0,28.0,46.0,46,CDS-PP,0,30.025974026,2005
4401,SANTA CRUZ DA GRACIOSA,3850.0,2694.0,28.0,46.0,1327,PPD/PSD,3,30.025974026,2005
4401,SANTA CRUZ DA GRACIOSA,3850.0,2694.0,28.0,46.0,1247,PS,2,30.025974026,2005
4501,CALHETA (R.A.A.),3643.0,2477.0,49.0,19.0,1128,PS,2,32.0065879769,2005
4501,CALHETA (R.A.A.),3643.0,2477.0,49.0,19.0,1281,PPD/PSD,3,32.0065879769,2005
4502,VELAS,4585.0,3302.0,61.0,30.0,1557,PPD/PSD,3,27.9825517993,2005
4502,VELAS,4585.0,3302.0,61.0,30.0,28,PCP-PEV,0,27.9825517993,2005
4502,VELAS,4585.0,3302.0,61.0,30.0,29,B.E.,0,27.9825517993,2005
4502,VELAS,4585.0,3302.0,61.0,30.0,153,CDS-PP,0,27.9825517993,2005
4502,VELAS,4585.0,3302.0,61.0,30.0,1444,PS,2,27.9825517993,2005
4601,LAJES DO PICO,4387.0,3160.0,35.0,34.0,1612,PPD/PSD,3,27.9689993162,2005
4601,LAJES DO PICO,4387.0,3160.0,35.0,34.0,1479,PS,2,27.9689993162,2005
4602,MADALENA,4700.0,3419.0,49.0,26.0,1256,PS,2,27.2553191489,2005
4602,MADALENA,4700.0,3419.0,49.0,26.0,113,PCP-PEV,0,27.2553191489,2005
4602,MADALENA,4700.0,3419.0,49.0,26.0,1975,PPD/PSD,3,27.2553191489,2005
4603,SÃO ROQUE DO PICO,2900.0,2208.0,26.0,28.0,21,PCP-PEV,0,23.8620689655,2005
4603,SÃO ROQUE DO PICO,2900.0,2208.0,26.0,28.0,1088,PPD/PSD,3,23.8620689655,2005
4603,SÃO ROQUE DO PICO,2900.0,2208.0,26.0,28.0,43,CDS-PP,0,23.8620689655,2005
4603,SÃO ROQUE DO PICO,2900.0,2208.0,26.0,28.0,1002,PS,2,23.8620689655,2005
4701,HORTA,11665.0,7701.0,126.0,59.0,79,B.E.,0,33.9819974282,2005
4701,HORTA,11665.0,7701.0,126.0,59.0,155,CDS-PP,0,33.9819974282,2005
4701,HORTA,11665.0,7701.0,126.0,59.0,2051,PCP-PEV,2,33.9819974282,2005
4701,HORTA,11665.0,7701.0,126.0,59.0,2305,PPD/PSD,2,33.9819974282,2005
4701,HORTA,11665.0,7701.0,126.0,59.0,2926,PS,3,33.9819974282,2005
4801,LAJES DAS FLORES,1308.0,1017.0,19.0,8.0,487,PS,2,22.247706422,2005
4801,LAJES DAS FLORES,1308.0,1017.0,19.0,8.0,503,PPD/PSD,3,22.247706422,2005
4802,SANTA CRUZ DAS FLORES,1998.0,1418.0,17.0,12.0,910,PS,3,29.029029029,2005
4802,SANTA CRUZ DAS FLORES,1998.0,1418.0,17.0,12.0,479,XV,2,29.029029029,2005
4901,CORVO,350.0,285.0,1.0,2.0,109,CDS-PP.PPD/PSD,2,18.5714285714,2005
4901,CORVO,350.0,285.0,1.0,2.0,173,PS,3,18.5714285714,2005
